sequence,label,gene,strand,confidence,source
ggtgctggtaggttacggtgttattggctttgttgatgattatcgcaaagtggtgcgtaaagacaccaaagggttgatcgc,0,genomic_fragment,NA,NA,ecoli_genome_random
tcatccgcggataaaactgccagaagcgggtttcgagggcgtcataatgagcgtctaaatcgtaccaggagtcacgcaggg,0,genomic_fragment,NA,NA,ecoli_genome_random
aagacgcgctaacacggaacaggtgcaaaatcggcgtattttgattacactcctgttaatccatacagcaacagtactggg,1,ftsK,forward,S,RegulonDB_sigma70
acacgtcacatgaatgttcagggagagtattcattttctttgtttaatttactaaacatggtttggtcagcatagcatcat,1,rseD,reverse,S,RegulonDB_sigma70
gctgatggatggtcgtctggacgctgttgtattcactggtggtatcggtgaaaatgccgcaatggttcgtgaactgtctct,1,pta,forward,S,RegulonDB_sigma70
cggtgcgccgggggacgtcttgcagcagtgatgccgggtggatcaagccttcatccagcgccagaccataaacaaacggtt,0,genomic_fragment,NA,NA,ecoli_genome_random
aagcatataagcatggataagctatttatactttaataagtactttgtatacttatttgcgaacattccaggccgcgagca,1,gnd,reverse,S,RegulonDB_sigma70
caaagcgagaaaaaatacccataatgttgtcctcttgatttctgcgttcaggattgtcctgctgaactgttaatacaattt,1,pspF,reverse,S,RegulonDB_sigma70
cgcgttggcattgaatccaaaagtgatcattgccgacgaagccgtttcggcgctggatgtttctattcgcgggcagattat,0,genomic_fragment,NA,NA,ecoli_genome_random
aagagtaaaagcttgtaagcggcgccaccaaaatcatcgtgaaatgatatccttcgtcattcgtaatgttttccggatgat,1,srkA,forward,S,RegulonDB_sigma70
ataaatcgggaaaatctgtgagaaacagaagatctcttgcgcagtttaggctatgatccgcggtcccgatcgttttgcagg,1,dnaA,reverse,S,RegulonDB_sigma70
aacgcgccttcgggcgcgttttttgttgacagcgtgaaaacagtacgggtactgtactaaagtcacttaaggaaacaaaca,1,pheL,forward,S,RegulonDB_sigma70
tcatctggatgatggtgacaaccgccatcaggatcaccggcagcattgccgtgagaaaactgatcccaaagcctggcattt,0,genomic_fragment,NA,NA,ecoli_genome_random
tcactgtcggcgaaggtaagttgatgactcatgatgaaccctgttctatggctccagatgacaaacatgatctcatatcag,0,genomic_fragment,NA,NA,ecoli_genome_random
atatgggctttgagccattgcaggtggcaaaactgcacgcactggaaagcggcattcaggtggattacgtgcaggaaaccg,0,genomic_fragment,NA,NA,ecoli_genome_random
accagtgctacacagatacctaacgacaacaggaaaaaaaaccatacccaaaaggtagtgaatcgtttgcttttaactggg,0,genomic_fragment,NA,NA,ecoli_genome_random
gagtcgtttacttaaggcctgaagagttcaaacagactttactatcagtgagtcagatgtaagttctgactcactgttgca,0,genomic_fragment,NA,NA,ecoli_genome_random
caggcgggcaaaatcagccgacagaattgagggggcaatcaaatactgtttcatccgcttctccttgagaattattttttc,0,genomic_fragment,NA,NA,ecoli_genome_random
aatgagcaaatatgaacagcggcactggtcaggatgaacggcttacggcagaatatgaacagatatgaacagaatgagtaa,1,torR,reverse,S,RegulonDB_sigma70
ggtcagcttgccattatgcatctcaccgcgatcgcgcgtagcgtaccagccttcgtcattaaccagtgaaaccagttgccc,0,genomic_fragment,NA,NA,ecoli_genome_random
aattgaacaatcctacgccagctgccaaccgtggccggagcaggtggtattagatggggaacgtgaaacgttaggcctgta,0,genomic_fragment,NA,NA,ecoli_genome_random
agcgatgaccgttccacaattggcatccgcaatataatgcgcgtacccacataccgctgttgttaaaacaggtaacccagc,0,genomic_fragment,NA,NA,ecoli_genome_random
aaatacgtcaaaattcgtgccgaaattgcgcgttctgcgcggaacacgtatactttcagtgttgacataatacagtgtgct,1,istR,reverse,S,RegulonDB_sigma70
aaaattgtcattttgccaataagcgattgccatctgatcccgctactctagaattgcccgggcaacatgcggaggaaatat,1,cusR,reverse,S,RegulonDB_sigma70
acatgctaacatatccaaataagatcgataacgataattaatttcattatcatggaagttcgtatgtctggttctgttgcc,1,fepD,reverse,S,RegulonDB_sigma70
catcaactttacgtttgccactgttccaaccggtgccgccgacataatcaaagccaggtccataattactgtatggcccaa,0,genomic_fragment,NA,NA,ecoli_genome_random
tttgatcaggcagtggaaggcaaccgccaccaggatgattacggttcaggtcttgggatggccgaagagaaatttcactat,0,genomic_fragment,NA,NA,ecoli_genome_random
accggatactggaaggccataaagatgccttcgcccgcgcgatcttccggcgacagcgcaagcaaatctttgcctttgaac,0,genomic_fragment,NA,NA,ecoli_genome_random
atcgcatccaggtcattagcaacctgctcgaccagaccaggcacttgcgtcaggtcctgctcccagtggtctttttctgcc,0,genomic_fragment,NA,NA,ecoli_genome_random
aataaactgcaactcgctatgccttcattacctgaagcagtgcagcagcaggggattagcgtcgataagtcgagcagtaat,0,genomic_fragment,NA,NA,ecoli_genome_random
atgctgcttcattgctctcttctccttgaccttacggtcagtaagaggcactctacatgtgttcagcatataggaggcctc,1,sokC,forward,S,RegulonDB_sigma70
aatatcagcccgtcggcggaactgttttatgaagaccttgatgaagctgataacattgaggtaatccgcaaattgctggat,1,kdsA,forward,S,RegulonDB_sigma70
gcgcgagcagatttcacggaataatttcaccagacttattcttagctattatagttatagagagcttacttccgtgaatca,1,osmB,reverse,S,RegulonDB_sigma70
tgctgtacacagcgccaacaattattggtgtccacgacgtatttgtggtataaagcgcgccggacttccgatccatttcgt,1,tff,forward,C,RegulonDB_sigma70
cgagtcggcaattgtaaattcaacattctcaaatgcgtcatgctgagctatgattagccgctatttttttgtcctgaatga,1,pcnB,reverse,S,RegulonDB_sigma70
gttaatcacatgcctaagtaaaaatttgacgacacgtattgaagtgcttcaccatagcctacagattatttcggagcgcga,1,mlc,reverse,S,RegulonDB_sigma70
atataaacttgatgatttaagcattttcttatacccgttcagacgttattcttatttcagatcatcgtcagaattgactcc,1,ftnB,forward,S,RegulonDB_sigma70
ctacggatataactacggcgaggctatcgatctcagccagcctgatgtaatttatcagtctataaatgaccttctgcccgc,1,trpS,reverse,S,RegulonDB_sigma70
gtgaatctgttgccaaacaaagcactatgcagcgtagtgcaaccggtacctcttctcgttcaatgggtggctgataccgat,0,genomic_fragment,NA,NA,ecoli_genome_random
ccaattgccagcttaagtcgaaacaaggagactcgatatttaaatcggattacattttaactttagtaatattcttcagag,1,gadE,forward,S,RegulonDB_sigma70
cgcccgcgtgcgttaccgttattaacgccattccagatgcgcgatcattcaacgcgccatttatggaccacctttagtgac,0,genomic_fragment,NA,NA,ecoli_genome_random
gagttaggctttttattgaatgattattgcatgtgtgtcggtttttgttgcttaatcataagcaacaggacgcaggagtat,1,asnA,forward,S,RegulonDB_sigma70
tgcgcaatgcctcgctgccgatgatcaccgccgtggggatgcatatcggcgaactgattggcgggacgatgattatcgaaa,0,genomic_fragment,NA,NA,ecoli_genome_random
gcccgcgataaaaatcctgttccatggtgtaacgcgtacccagcagcgccacacgagtcattccggccccggtaattgcac,0,genomic_fragment,NA,NA,ecoli_genome_random
tcgtatccggggccgaatttcgagactgcggcggaaattcgcatgatgcaaattattggtggggatgttgttggtatgtct,1,xapB,reverse,S,RegulonDB_sigma70
tagcaagcgcgtttaatataacgccaccttcaactttatttttctcatgctaaataaagaacctgtctgtttgatattccg,0,genomic_fragment,NA,NA,ecoli_genome_random
ccactatttgctatatattgtgtggttgaatcttttttcaactacatctagtatctctgtatcaacagagagacaacccga,1,nrdH,forward,S,RegulonDB_sigma70
ggagtccgcggaatttgaacaacagcaacattatcaagctgccgcgaaaaaacgcatcccggttatcgaagcgctgttacg,0,genomic_fragment,NA,NA,ecoli_genome_random
catatcaagcggtgacattaactatggtaaaggagacgcttatgtttcgttggggcatcatatttctggttatcgcgttaa,0,genomic_fragment,NA,NA,ecoli_genome_random
tgagcgccaccagttttctcctgcacaattttggcggcgtcttcggtgtgtgagttaatcgctaaatctgcgcccatttcg,0,genomic_fragment,NA,NA,ecoli_genome_random
gaaaagtcatccagcgtttttccccggatatgacgccggaagatcccattgtgatggaaagcattaaactggcgttggcaa,1,btuD,reverse,S,RegulonDB_sigma70
caatattgccggatcgctgcgtatgcagagttaccgcctgggctacgacttgcaaagtggcagtccacaactcaatgcaca,0,genomic_fragment,NA,NA,ecoli_genome_random
caaagccgggtaattcccggctttgttgtatctgaacttcccctcggttagcatcaggctattcgcgtctgacgagagtaa,1,glrK,reverse,S,RegulonDB_sigma70
ggccggggaagtcacgcaaatcaccactctgcaaggccagacggtgattgccgcacaacaagcaccgaacattctgacgct,0,genomic_fragment,NA,NA,ecoli_genome_random
ttaattgctaaaagctataactgttaaacacaatacagtgaaaagttttagactgaaggctcactttgcagagggaagcgt,1,ybjC,forward,S,RegulonDB_sigma70
gacaaatattgatagcctgaatcagtattgatctgctggcaagaacagactactgtatataaaaacagtataacttcaggc,1,umuD,forward,S,RegulonDB_sigma70
atcttcatcgacggacacatcggactacgggcatcaaagttgaagcataaaccgttgccgttacactccatcgcaccgcgc,0,genomic_fragment,NA,NA,ecoli_genome_random
atcgaattcccgttaactcttcatctgttagtcacttttaattaaccaaatcgtcacaataatccgccacgatggagccac,1,phnC,reverse,S,RegulonDB_sigma70
gcaccggcgcttgcagacgcgccacgctgatggtggattgctcaatgtgttctgatttgctgtgtggaatggcaaaactaa,0,genomic_fragment,NA,NA,ecoli_genome_random
taagtcgcgaacatcagggcgttattgccgttatagcgcaactgataaacaggaacagtttcactatttatcttgatgcta,0,genomic_fragment,NA,NA,ecoli_genome_random
accaaacggtatataaaaccgttactcctttcacgtccgttataaatatgatggctattagaaagtcattaaatttataag,1,cysP,reverse,S,RegulonDB_sigma70
attaaccgagtttaagctccgtttaacattcattgagaaaactgatgctactgtgtcaacgattcgttatcagtgcaggaa,1,mgrR,reverse,S,RegulonDB_sigma70
gcaacctgttccgtcaacgcaggcgtcgattcgcggggaagagagtgagcaaatcgagctactcaatattcgcaaagaaac,0,genomic_fragment,NA,NA,ecoli_genome_random
tatcttacaaatgtaacaaaaaagttatttttctgtaattcgagcatgtcatgttaccccgcgagcataaaacgcgtgaat,1,ugpB,reverse,S,RegulonDB_sigma70
cgaaccgggcgcgctggccccactgatggataaaggcgagcagctggcctgggtctggcgcagcaaagcgcgctgtaaccc,0,genomic_fragment,NA,NA,ecoli_genome_random
ttcaaccatgcataaagcgggtgcattcgctgccgcataccattattcttgatctgacggaagtctttttgtaacaattca,1,aroP,reverse,S,RegulonDB_sigma70
tgtgaaaataaaacaaaacgaaagtatgatggggtctacagcaatgacctatgatttaagtgaagaaaagttgatgaaact,0,genomic_fragment,NA,NA,ecoli_genome_random
gcgtgaagccggaagaagtggactggcaggacaatggtctggaaggcaagctggatctggtggttacgctggacttccgtc,0,genomic_fragment,NA,NA,ecoli_genome_random
atgaatatacagggaataataatttctattttatattattccctgttttaattaactctatcagggatggtttatgttttt,1,yadV,reverse,S,RegulonDB_sigma70
tcgagcaaattacacacggaggtaaacactaatgtttactttgttgatatactcagcggcagggaggcgatgtgaaacaaa,1,hicA,forward,S,RegulonDB_sigma70
tggcgattcagtgcatgaacattgctgcgaaacgcatccatcagccgcccgatggtatccagctcccgtacgccagcggtt,0,genomic_fragment,NA,NA,ecoli_genome_random
tttgcagaagtgttaacgcgttatctcgtcgcgacctataagtttgggtaatatgtgctggaatttgccctgtctggagaa,1,kbl,reverse,S,RegulonDB_sigma70
cacaaatgtcgcgactctctctgattaccacgaatcaatatttatcatattcttcttttcgtcctcactacttaccatgca,1,frc,reverse,S,RegulonDB_sigma70
agtgcacgccatgctggcgtaaccactcttcttgtttactggtttcgattccctccgctaccattttcagtttcagtgttt,0,genomic_fragment,NA,NA,ecoli_genome_random
gccacggaatggggacgtcgttactgatccgcacgtttatgatatgctatcgtactctttagcgagtacaaccgggggagg,1,trpR,forward,C,RegulonDB_sigma70
cgactactttctgacttccttcgtgacttgccctaagcatgttgtagtgcgatacttgtaatgacatttgtaattacaaga,1,relB,reverse,S,RegulonDB_sigma70
tgacgccgtgcaaataatcaatgtggacttttctgccgtgattatagacacttttgttacgcgtttttgtcatggctttgg,1,araC,forward,S,RegulonDB_sigma70
ccgtcagcgcgccgtcgtcgtagcgggtaccgagttcccaggttcgcgctttttccggttcaacattgccgctttgcacag,0,genomic_fragment,NA,NA,ecoli_genome_random
ccgggtgtcgccggaatctcttgcgacaaatggcgcagtagattttccagcgccgtagtaagtgattgcacgcggacctct,0,genomic_fragment,NA,NA,ecoli_genome_random
aggtgcgacagctggttgcacagatggaacagcaggaaggggaaaatgatttaccctcgaccgccagtcgcgagatcttgt,0,genomic_fragment,NA,NA,ecoli_genome_random
ggcgatcggtaatcatgaatttgataatccgctcaccgtattacgccagcaggaaaagtgggccaagttcccgttgctttc,0,genomic_fragment,NA,NA,ecoli_genome_random
atcggtacaatccctgattttattgttgacatttcatttatgccgactatttatatggtatacttgtcgaattatcttaaa,1,evgL,forward,S,RegulonDB_sigma70
gtgttatgcagcaaattataaaactggaacctattcgtatagtttatgtatcctgtaaccctgcaacgctggctcgggata,1,relA,reverse,C,RegulonDB_sigma70
taatccgttcatagtgtaaaaccccgtttacacattctgacggaagatatagattggaagtattgcattcactaagataag,1,aroG,forward,C,RegulonDB_sigma70
cgccgcaaagtttgagcgaagtcaataaactctctacccattcagggcaatatctctcttgcaggtgaatgcaacgtcaag,1,fnrS,forward,S,RegulonDB_sigma70
cgaaacaaaaatgtgataccaatcacagaatacagcttattgaatacccattatgagttagccattaacgcgtccacgagg,1,caiT,reverse,S,RegulonDB_sigma70
gtgtttatgagggagaggtattttcagttgatctggattgttaaattcatataatgcgcctttgctcatgaatggatgcca,1,pdeL,forward,S,RegulonDB_sigma70
gtggcgcgaagcgagggctgaacagcagcaaatcattgctgtgcatgttgaaaaattgggcaatctttggctgcatgatga,0,genomic_fragment,NA,NA,ecoli_genome_random
cattacctttgccgccagcattcttaactttgttgtgctgactgcttcgctgtcggcaattaacagtgatgtatttggcgt,0,genomic_fragment,NA,NA,ecoli_genome_random
cagcaatcaaaggcggcactgtaaaagtgaccggtattggacgtaacagtatgcagggtgatattcgctttgctgatgtgc,0,genomic_fragment,NA,NA,ecoli_genome_random
cagcaatgggtaaagtctggtttatcgttggtttagttgtcagcaggtattatatcgccatagatgctacgaatattattg,1,mgtL,forward,S,RegulonDB_sigma70
caagtcgagtttctgctgaacctcgccctgcacgttctcagcaccgctggcacccaggatatcaaccagtcctgctttgtt,0,genomic_fragment,NA,NA,ecoli_genome_random
aatcgacaggcgggaacgcaaaaacgcgtacactgactccaggttgtaacctgcgtcataatcattgggcgtgctgccgct,0,genomic_fragment,NA,NA,ecoli_genome_random
gtgaattattccgccctttgtgccgttattttatgctgacaaaggcacttttttctgtttatctatcaataaattcagaat,1,livK,reverse,S,RegulonDB_sigma70
gaacaggcaaggcaaaaccagtacttacaggtcagctcttgcgtacccgccctggaaggctgcgatgttaacggtgccagt,0,genomic_fragment,NA,NA,ecoli_genome_random
tgcagcaaaccgccatcttcatcgtgacaccacgcgccgacaaaatcgtactgcgatttttcggccatatatgaggttgga,0,genomic_fragment,NA,NA,ecoli_genome_random
tattatgcgctctttgtagacacagtaccggatgatgttaagaggctgtatactgaagcagcaaccagtgactttgctgcg,1,rcsB,forward,S,RegulonDB_sigma70
tcttgccatgctgcgcgcgccaccgagaatggattcacccccggatgcttccagaaccagcgatcttcataattgatcagc,0,genomic_fragment,NA,NA,ecoli_genome_random
gattcaaaaaaaagtggaaatagggtgaagaattgacctaaaatagccatccagatgttaatccatccataccgattaaca,1,metK,forward,S,RegulonDB_sigma70
gaaatgccctttttttatgtcagtagtttctgcagatggatgagcaaacggtcaatcgctcgatagctaactgcctcctgc,0,genomic_fragment,NA,NA,ecoli_genome_random
ttttgactaaagtcaacgaaaagaatattgccgccttgaagaaaggaggtataatccgtcgattttttttgtggctgcccc,1,upp,reverse,S,RegulonDB_sigma70
agatcaatctggtgacgcaggatgttacctctgaagacctcgtcacgttatacggaacaacatttaactccagcggtctga,1,lptA,forward,S,RegulonDB_sigma70
aatcagtcatgagtgctgtataaaaattgcgcaatctatccgcttactttatgatgcgcaccagtcacggactgatggtta,1,ptrA,reverse,S,RegulonDB_sigma70
tacgttctggaaagcagagcgacagattgattaacgcacgacggcgtgagctttttcccagtcgtccggcaaaacgtccca,0,genomic_fragment,NA,NA,ecoli_genome_random
ctgattgccaattaatattatcaatttccgctaataacaatcccgcgatatagtctctgcatcagatacttaattcggaat,1,argO,reverse,C,RegulonDB_sigma70
actccatgttgttcgacaatactcagttctacagtccagtactggatacgctggaacatggcaccgaacatgtggcgctgg,0,genomic_fragment,NA,NA,ecoli_genome_random
tcgtacgccgcgggttacgggtgtcacgcaatgcaggctgctggagggatacaacacgagatcgcctgccgggagttttac,0,genomic_fragment,NA,NA,ecoli_genome_random
ctcacaaaggttagcaataactgctgggaaaattccgagttagtcgttatattgtcgcctacataacgttacattaagggg,1,modA,forward,S,RegulonDB_sigma70
aaaaattttgcgacgagaattacgtgacgaagcgcgcggcaaagtggacaataaagcctgagcgttaagtcagtcgtcaga,1,rnd,reverse,S,RegulonDB_sigma70
aacgcgtgaagaagtcgccatgcagcgtgctgaactggaagagaaacagagcgagcaacaaacgctgttatatgagcagcg,0,genomic_fragment,NA,NA,ecoli_genome_random
accgcccaccagttggcctgcatcgctttgtagcgtacgcgcggcattggcaataagattcagatactcagactcttccgg,0,genomic_fragment,NA,NA,ecoli_genome_random
gacaaagcgaatgtcacagcgaaaaaagtgacttttcttgtcgctgcgtacactgaaatcacactgggtaaataataagga,1,feaB,forward,S,RegulonDB_sigma70
gtatcgttattacaattaaatacctttaaatatcaacaagttaaagtataaaaatcagcataaaccctgatttttgtcaaa,0,genomic_fragment,NA,NA,ecoli_genome_random
acctggcctggcgggcgcgatcctcgacgaagctgacatttattgcggtattattgctgatggcctgcatgttgattacgc,1,nagC,reverse,S,RegulonDB_sigma70
tgccttattaattttgttagttggttttgatattccaggtaaaatttataaactatccgtggctaaatgattggaggcttt,1,nanY,forward,S,RegulonDB_sigma70
aatctgagccattataaattgtccgttgagcttctaccagcaaatacctatagtggcggcacttcctgagccggaacgaaa,1,gcvB,forward,S,RegulonDB_sigma70
ggatgtgaataaagcgtataggtttacctcaaactgcgcggctgtgttataatttgcgacctttgaatccgggatacagta,1,gyrA,reverse,S,RegulonDB_sigma70
gataagttttaatttcaatggtaggtttatttcttagctttcgctagtaaactgataatcagacaaaatggtgacatgagg,1,bcsE,forward,S,RegulonDB_sigma70
gccagctgaccgtctggtgcaaaatcgtccgtcacactaccccctgttgatttgaacagggattatgtcaggatgagggcg,0,genomic_fragment,NA,NA,ecoli_genome_random
tgcattgaacttgtggataaaatcacggtctgataaaacagtgaatgataacctcgttgctcttaagctctggcacagttg,1,rpoH,reverse,S,RegulonDB_sigma70
tagaaccgccagcctttcgcctttttttcaccactcattgccacattccttgtgtatagccagccattttttacgggcaca,0,genomic_fragment,NA,NA,ecoli_genome_random
caagacaattggggccaaactgtccatatcataaataagttacgtattttttctcaagcataaaaatattaaaaaacgaca,1,fimA,forward,S,RegulonDB_sigma70
cagcgttatcaccatttgctggtcgatggctttagtttcccggccattacccgccagatcgccaatatttactgcacatgg,0,genomic_fragment,NA,NA,ecoli_genome_random
cgattggtattggtgacgcacacatcatccatatcgataagcgtgattgcgccaatccccgtgcgcgccagcgcttccgcc,0,genomic_fragment,NA,NA,ecoli_genome_random
caccaaagcccgcgcggcggtctataaacgcaccagcgcgatgttaagtgagatcattaccgaggaccgcgaacatctgtc,0,genomic_fragment,NA,NA,ecoli_genome_random
ataaattacaaatacgatcaaaaacagacaagcaaagcatgtcataaatgacaaaaagtgacataactgtattcaggagag,1,yihU,reverse,S,RegulonDB_sigma70
acaaagaacaaagaagaggttttgacccatgacagataaacgcaaagatggctcaggcaaattgctgtattgctctttttg,0,genomic_fragment,NA,NA,ecoli_genome_random
gcataattaatgagattcagatcacatataaagccacaacgggttcgtaaactgttatcccattacatgattatgaggcaa,1,cdd,forward,S,RegulonDB_sigma70
tggtccgttgaagagatcctcaaacgcaaggcgatcattgaagacgcaggcctggtgtggtctgtcgtagaaagcgtgcca,0,genomic_fragment,NA,NA,ecoli_genome_random
tttaaaacatttttatgcgtgtgttttcacaaaaaagattttccgttccgctgccatttttcattttcattgatatctaag,0,genomic_fragment,NA,NA,ecoli_genome_random
aaccgtccgacctgcccttaccataatttccagcgtgacggcatgcatcgcatggggatcgacactaacccggcgaattac,0,genomic_fragment,NA,NA,ecoli_genome_random
gaaaaaacagaaagcccatttgccagtttgtctgaacgtgaattgcagattatgctgatgatcaccaagggccagaaggtc,1,uvrC,reverse,S,RegulonDB_sigma70
acggtacaacatttacgccactttacgcctgaataataaaagcgtgttatactctttccctgcaatgggttccgtagcagg,1,rpoH,reverse,S,RegulonDB_sigma70
taaccgatgacgaacgcgcacagcttttatatgagcgcggagtgttgtatgatagtctcggtctgagggcattagcgcgta,1,yrbN,reverse,S,RegulonDB_sigma70
atatagccaatcattcttactccctttgaattacccgcctcatcagagataatgcttaagaaatttgtcacacaaggaagc,1,dcuS,reverse,S,RegulonDB_sigma70
tatctgcatttgatacgcagttttttgtcaagcggggccgcaaccagtaaactacgcgccagttatgtacacactcaggac,1,pth,reverse,S,RegulonDB_sigma70
caggttgcgcacatagtcttctgcaccgagggcgataccgatcaaacgctcggaagcgtgagcgatttccactgcgcgggt,0,genomic_fragment,NA,NA,ecoli_genome_random
tcaccagcaagaagtgaaaaaactgtgagtaagcgggtgataaatggtaaaagtcatcttgctataacaaggcttgcagtg,1,rne,reverse,S,RegulonDB_sigma70
tgcccagggcgagggtatgaagcactacgttgagaaagtgcagcagccggaatttgccgccgcgaaagatggctatacctt,0,genomic_fragment,NA,NA,ecoli_genome_random
tcgcgacaaccggaatatgaaagcaaagcgcagcgtctgaataacgtttatgctgaaagcggatgaataaggagatgcgat,1,alkA,reverse,S,RegulonDB_sigma70
tcataacgaccgcctgcacacacggtgccctgggagccgagactgttagtcacccactcgaaaacggtacggttgtagtaa,0,genomic_fragment,NA,NA,ecoli_genome_random
tggttcaactatcaaaaatcgctcaccctttttcacctgtttaaaatatgttcagcaacccatcttgatggcgacctcctc,1,cbpA,reverse,S,RegulonDB_sigma70
agccaggcggtgctggatttacagttcggtcattcccagcgggtagggtatgatgtagcgaccagtatgatcagtcagttg,1,mutL,forward,S,RegulonDB_sigma70
aactaaaccgtggcacaaatgggcaatttatccatcggtaaaatactataaaatagctttagaaaattccccctggaaaga,1,waaY,reverse,S,RegulonDB_sigma70
ctcgctgtatctctgataaaacttgactctggagtcgactccagagtgtatccttcggttaatgagaaaaaacttaaccgg,1,zntA,forward,S,RegulonDB_sigma70
ggtgaagcatcaaggaaggaacgtaagaatgaggattgctgctcgagctgaatttgtgtctcttcgcgctctttgatttca,0,genomic_fragment,NA,NA,ecoli_genome_random
gaatacagaggggcgaattatctcttggccttgctggtcgttatcctgcaagctatcactttattggctacggtgattggt,1,araJ,reverse,S,RegulonDB_sigma70
agaggctgatgaggtttttgtccgtcattctggcaacggcgggaatgacgctattactgatcgatagcgaagtctttactc,0,genomic_fragment,NA,NA,ecoli_genome_random
ttgccgcttttctgcgggatcataatttttgcagcttcatagcttaactcgaatgcggcggtcaggttcacatcaatcatc,0,genomic_fragment,NA,NA,ecoli_genome_random
gctttgccatgaaatcctggcgaaaaaattattacctgttgttcgttattacagctatatcgaaattacccgtcgtgcaca,0,genomic_fragment,NA,NA,ecoli_genome_random
gcgattggtcgcgagcctgccaatgacaacatcaacctggaagccgctggcgttaaaactaacgaaaaaggctatatcgtc,0,genomic_fragment,NA,NA,ecoli_genome_random
cgcgaatttttggttgatatcaatggcgctccaacacccctggtcaacgcgaaaatgccacatagcttcggcaggcatgcc,0,genomic_fragment,NA,NA,ecoli_genome_random
ccagtttttaaaaagttaatgttattaatctgttaacattacgttatctaaaatatctggtaaaaagtggactaaacggtc,1,rutR,forward,S,RegulonDB_sigma70
tttatctaacgagtaagcaaggcggattgacggatcatccgggtcgctataaggtaaggatggtcttaacactgaatcttt,1,uspA,forward,S,RegulonDB_sigma70
attggtccgtaacgtgaagccaaacatcaacgtgttaccgcgttcataactcaggttgagatctgcccagctggcagcgcg,0,genomic_fragment,NA,NA,ecoli_genome_random
atgaaattgcccagcgtctactggggcaaaaaaaattaccctcgcttgagtggttaaaaatagtggcgactgatgagcaca,0,genomic_fragment,NA,NA,ecoli_genome_random
agatacgtaaaattaggtaaagggatggccttgttcttgaaggctatttagaatctcttcacttgctttttttctgctctg,1,ppiA,reverse,S,RegulonDB_sigma70
catttaaattatttaatcatgtttattgcatataaattcacttgatggcattgttatcccatgccgcagacacggccaaaa,1,artJ,reverse,C,RegulonDB_sigma70
ggatataaaatttaacatttggattgataattgttatcgtttgcattatcgttacgccgcaatcaaaaaaggctgacaaat,1,cirA,reverse,S,RegulonDB_sigma70
tgaggcgctgcgcgacttgctggcattgcaggaaaaactggtcaccatcgacaatattcagaagacggtggcggagtacta,1,dnaN,reverse,S,RegulonDB_sigma70
atcacaccacaggagcgtgaaatcgcgataaaagccgcgcgaacgatggcgctggacgttgctggtgtggatattctgcgt,0,genomic_fragment,NA,NA,ecoli_genome_random
gttcattatcaacctgttcgatctcggcggcgaacagcgtctcgaaaaacagggcattaccagctacagccttgtcccgtt,0,genomic_fragment,NA,NA,ecoli_genome_random
ggcgcgtcgtgagtatgctgacgaccagacacatccagcacttcctggttattaaccagttcgcctaaagtaatgttgttg,0,genomic_fragment,NA,NA,ecoli_genome_random
caagatgatcgcaaaacagaccgtgttgcgcaatttgtcaacgaaaacaataatgcgtaaggtagaaacccgaactacatt,1,gltX,reverse,S,RegulonDB_sigma70
gtcgccgagcgcaccggcagcagcgataaactgctggcagtggctgactggcggcaaagcccgctctttagcgatgaagaa,0,genomic_fragment,NA,NA,ecoli_genome_random
ttacgctgaacgtgtttcatctatttgacgcgcgcaggtatttagcatacaaggagtaccgatttgagagttggtgctctt,1,aroK,reverse,S,RegulonDB_sigma70
cacccgcctgctgcgtcgccgcctgttccagcaaatcccagaaggtttcgccgctgcgatcacaaatccactcatcgcctt,0,genomic_fragment,NA,NA,ecoli_genome_random
ttgttacggcaacagggtaagttcatcttttgtctcaccttttaatttgctaccctatccatacgcacaataaggctattg,1,sodB,forward,C,RegulonDB_sigma70
agcacggtaatcgccagcagaccaatcaactgtgtgcgcgccacgcgactgcccagcgccgtcgcggtgtcgctgccgagg,0,genomic_fragment,NA,NA,ecoli_genome_random
ccgcggcaaaagcagaaactgtaaaacgcagcagtagcaaactaagctataaattgcagcgcgaactggagcagctaccgc,1,pqiA,forward,S,RegulonDB_sigma70
aagaaaacaaccacattcggtttcttaccggtttttttctcaagttctgccagcttctgctgggtttctttatcctgcgcc,0,genomic_fragment,NA,NA,ecoli_genome_random
ttctctattaaatggctgatcggacttgttcggcgtacaagtgtacgctattgtgcattcgaaacttactctatgtgcgac,1,fabB,reverse,S,RegulonDB_sigma70
cggcattcatggtcataccgaacagatccccgctcgggcggttgataagcatctctgcggttaatgggagttcgccgtccg,0,genomic_fragment,NA,NA,ecoli_genome_random
gctgatttcacagccacgcaaccgttttccttgctctctttccgtgctattctctgtgccctctaaagccgagagttgtgc,1,purE,reverse,S,RegulonDB_sigma70
tgggcgaaatcgatgcaatggaattcctcattaataaactggcaatgaccaagaccaatgacgatttcttcgaaatgatga,0,genomic_fragment,NA,NA,ecoli_genome_random
tttaggaccaacaatgggaccaaaatgaaaattgaactgaagattacaatcaatttaacaacaagttacacaaccaattca,0,genomic_fragment,NA,NA,ecoli_genome_random
ggttggattgtacctcccgcagccgcgccgtgggacttcggattgattgtgctacgtaatcccccttctggcattacgccg,0,genomic_fragment,NA,NA,ecoli_genome_random
agagaaaaaaatcctgaaattcagggttgactctgaaagaggaaagcgtaatatacgccacctcgcgacagtgagctgaaa,1,rrsD,reverse,S,RegulonDB_sigma70
agtcggaatcacgatcctgacggtcgaaaccgtatccggcagtaaaatcgtgattttgattcggtgtccaggcaaattcga,0,genomic_fragment,NA,NA,ecoli_genome_random
cgggacgtttttattgcgtcagggttgacatccgtttttgtatccagtaactctaaaagcatatcgcattcatctggagct,1,leuL,reverse,S,RegulonDB_sigma70
ttgctacgcatgtcacatttaacatggttgcacaaagttgcaacatcatggatatttcacgataacgttaagttgcacctt,1,putA,reverse,S,RegulonDB_sigma70
acttcataaagagtcgctaaacgcttgcttttacgtcttctcctgcgatgatagaaagcagaaagcgatgaactttacagg,1,lptM,forward,S,RegulonDB_sigma70
ttaccctgtgcgtactgctgctgaacattctggcgcgcgttgtttttgcgaagaataaacacggttgatattgctgacacg,1,pstB,reverse,S,RegulonDB_sigma70
gcgccccagagcatgaagccgggaatgcggccggtactgccgtcggcgctctctttcaccgtattggcgttatccgcaaac,0,genomic_fragment,NA,NA,ecoli_genome_random
ttacccatctcctgcatcagcggcagcaacacctgataaaactcacgacggaagtgtggatcctgatccgccgcccattca,0,genomic_fragment,NA,NA,ecoli_genome_random
ctggcggcagcgttaattcatccgctctcgcctgccgcacagcaacacacaccgtcattactggaaaacgtcgccgtgatt,0,genomic_fragment,NA,NA,ecoli_genome_random
cactctaagaggacattcgccttggacacacccagtagatactggctcactatcctgtcatccaggatcaactcctaaggc,0,genomic_fragment,NA,NA,ecoli_genome_random
ccttatactgagactgagcgtcgattcacctgcaaacggcgcatttttagaataatcctgaccttgtgcggaagagaaaac,1,loiP,forward,S,RegulonDB_sigma70
attttgtgtataaaaatcattcgggtcggattgctgcgaaagaaatgatacactagcacgtcaaagtaagtgcgttatcag,1,rirA,reverse,C,RegulonDB_sigma70
ggaccatcctccaaggctaaatactcctgactgaccgatagtgaaccagtaccgtgagggaaaggcgaaaagaaccccggc,0,genomic_fragment,NA,NA,ecoli_genome_random
atcgacaacggcggcaacaggcgaaaggttaatcgacagcacgatttttacactcatctcgtcggagatgtgacgcgacga,1,rhaT,reverse,S,RegulonDB_sigma70
ctggcgtggcgaaccgctggcgaaactcaatcgcgcccagcgtaaagcgttccgccgcgatattcagatggtatttcagga,0,genomic_fragment,NA,NA,ecoli_genome_random
ggcgcatctactgatgtgccttttttatttgtattcggtgactttctgcgtcttgtgggctgacaattgcccccgtttctt,1,ppiD,forward,S,RegulonDB_sigma70
gcgctgatatcatgctgaatataaaccggaacgccggtatgctgctccagcgcctcgccgagcggcatctcttttacatcc,0,genomic_fragment,NA,NA,ecoli_genome_random
aggccgaattgctgtccagcacttcccacttactgttctctttcttgccccacagccaggcgggcaaacgttcttttaaag,0,genomic_fragment,NA,NA,ecoli_genome_random
ttccctcacccacgccgtcaccgccttgtcatctttctgacaccttactatcttacaaatgtaacaaaaaagttatttttc,1,ugpB,reverse,S,RegulonDB_sigma70
gttgatacaatgcgataaaattgcccttgcgaaggtcattcgctttggttagtattcacacccgcttcagtgggaaagatt,1,secG,reverse,S,RegulonDB_sigma70
cggttgatcttccgcagcgtcttccagcgcacttaaatcacggtctttcacctctggcattttcagcgcagagattaaacc,0,genomic_fragment,NA,NA,ecoli_genome_random
agccgggatccctgactgtgatcaaacccgatcttttttgtcactttttgtataaaatgccagggtgatggtttttcgagg,1,csqR,forward,S,RegulonDB_sigma70
tgacaaacaaaaacagatgcgttacggaactttacaaaaacgagacactctaaccctttgcttgctcaaattgcagctaat,1,rpoE,reverse,S,RegulonDB_sigma70
atctctttatgtgactaacttcacttacatccacttatttctcttcgtaaaattactttggaattaagtacaataagaaga,1,ydeN,reverse,S,RegulonDB_sigma70
ccgatgctgacggtaagttttcaggtattgatgttgatatttgtcgtggtgttgccgctgctgtatttggtgacgacacga,0,genomic_fragment,NA,NA,ecoli_genome_random
atctttgatggtcagccgattttgcatcctgttgtcctgtaacgtgttgtttaattatttgagcctaacgttacccgtgca,1,mgtL,forward,S,RegulonDB_sigma70
atggggcacttcttcagtgccgggccgtgaatttctggcgcggattaagctctaatatgctcagccgcatgatgtgcgatg,0,genomic_fragment,NA,NA,ecoli_genome_random
gtaagaaagaattgtgaaatggggttgcaaatgaataattacacatataaagtgaattttaattcaataagtggcgttcgc,1,argF,reverse,C,RegulonDB_sigma70
atgcagatggtgcccgacgtgcttatctttgcccaccgcagcgggctggccgggctttttcccggccttgaccgccgtctg,0,genomic_fragment,NA,NA,ecoli_genome_random
gtgtggatggatcaggccgaaaaggcaactggtgatttttattgattgctgagttttgaatacattgaaaaccgccagcgg,0,genomic_fragment,NA,NA,ecoli_genome_random
ggttattagttatcgctatcccgtctttaatccacaccgtttgccccgttaaccttaccttctcttctgttttatgggcgc,1,cysJ,reverse,S,RegulonDB_sigma70
ttcacaaaatctcattttgtttaacatccattgagattccttgctttaaattttattttatataagccatcattttaatta,1,iraM,reverse,S,RegulonDB_sigma70
cgggcagcgggtaagcctgtggttgtatcgatgggcggcatggcggcatctggtggttactggatttccacgccagctaat,0,genomic_fragment,NA,NA,ecoli_genome_random
tctgccagatcatcaatctctttttcgatccacgagacagtatattccgggaagatcggcgcggcgcgaacttcgcttgcc,0,genomic_fragment,NA,NA,ecoli_genome_random
ggtcaggcggcggttcttaatgcttattttttagcagaatctgcggctttcgcatcagcttccggctttgcatcagccttc,0,genomic_fragment,NA,NA,ecoli_genome_random
cccatctgcatgggcaaatataatgatgttgttagcatcaggtcaagacttttataatcaaaactcttatactttcggtgt,0,genomic_fragment,NA,NA,ecoli_genome_random
catctatcatctaaaaaaccagaaaaacaaataacatcatgtttttaaactaattaaatgaaataaaattttaagccactc,1,alsR,reverse,S,RegulonDB_sigma70
cggtctggatgtttgttatttgagttttgctgaagtcgaccagcacggtaacgtcggcgtgcataaattcaatggtaaaat,0,genomic_fragment,NA,NA,ecoli_genome_random
ttgcttatgttttcgctgatatcccgagcggtttcaaaattgtgatctatatttaacaaagtgatgacatttctgacggcg,1,osmY,forward,S,RegulonDB_sigma70
ttataaacattccgcttgtgtttttctttgccgtaatgataatcgctatcactgcgatttacttttctttgcatagattga,1,efeU,forward,S,RegulonDB_sigma70
ggccgcaaggtcatcgctaagtaatcacgcatctgcgtgatgaagcttagtgaggattttccccaggcaactggggaaaga,1,plsX,forward,S,RegulonDB_sigma70
ggcaacgatcttccgtcgtctccagtggagtggctgacggataatggttcatgctaccgggctaatgaaacacgccagttc,0,genomic_fragment,NA,NA,ecoli_genome_random
cgaccgcaccggccttattttagatattttcgcccaacgtgcgcgtacccatgagggtaagttgcaggttgagctggcgca,0,genomic_fragment,NA,NA,ecoli_genome_random
aatcataaatatgaaaaataattgttgcatcacccgccaatgcgtggcttaatgcacatcaacggtttgacgtacagacca,1,cspA,forward,C,RegulonDB_sigma70
aacctaaatatttgttgttaagctgcaatggaaacggtaaaagcggctagtatttaaagggatggatgacatctcagcgtt,1,bolA,forward,C,RegulonDB_sigma70
gatgtcgggcatcaacttctttttcgaccacgatcttagccgttaccactcccgcgccggcattggcgcggagtactggcg,0,genomic_fragment,NA,NA,ecoli_genome_random
taacgtgatcatatcaacagaatcaataatgtttcgccgaataaattgtatacttaagctgctgtttaatatgctttgtaa,1,ompR,reverse,S,RegulonDB_sigma70
ttatcatttgcaagccagataaatcccttgctatcgggtaaacctatcgctatgattagcaatcattatcatttagattac,1,fhuF,reverse,C,RegulonDB_sigma70
atagaaaggagtaaaaaaccacatcaattagctgtataaaagaatttctacagtgattgtaaggttttttttattcctccc,1,nuoA,reverse,S,RegulonDB_sigma70
tggtgttgctattagcttatctgggttccgcgctcaacgagttgacgcggacgttaccgcaatatcgcaactctattatga,0,genomic_fragment,NA,NA,ecoli_genome_random
tcaccagatagcagcgcagcaattgcgctggcagttactgcaaactggcgaagatcgttttgcccaaagggcaacgctttg,0,genomic_fragment,NA,NA,ecoli_genome_random
accgccatttggcctgacctgaatcaattcagcaggaagtgattgttatactatttgcacattcgttggatcacttcgatg,1,pfkA,forward,S,RegulonDB_sigma70
aaaaattcgctatccgcgatctagccaatgatatcaaagagcgtgggtgtgttgagcttgtccagcctggtggattcgatg,0,genomic_fragment,NA,NA,ecoli_genome_random
ttgaaggttcaatttaaaccggctaaaaataacactggaaattattttttggttatttgttgagatttgcttatgtatttg,0,genomic_fragment,NA,NA,ecoli_genome_random
gttccggtagtacaggctgaatttaatctggtggaagatttcgacgccaccgaccgcggtgaaggcggctttggtcactct,0,genomic_fragment,NA,NA,ecoli_genome_random
cagaaaaacagcggatacgcgacatccagcgtgcaagacgtggctgaagacactaaaatttgccaacctggctacataatg,0,genomic_fragment,NA,NA,ecoli_genome_random
ctaattctccatttggcgtagggaaaatcacatctgaatcaggaattaacaatgaaacctgtaaaaccacctcgtattaat,0,genomic_fragment,NA,NA,ecoli_genome_random
cgagattttaggcgtttccaaaacagcggaagagcgtgaaatcagaaaggcctacaaacgcctggccatgaaataccaccc,0,genomic_fragment,NA,NA,ecoli_genome_random
gccggaaatccgttaccgttacgacagcgacgggcgggtgacagaacagctaaacccggcaggcttaagctacacgtatca,0,genomic_fragment,NA,NA,ecoli_genome_random
tccccccgactggcagacaccgctgaacgggattatttcaccctcagagagaggctgatcactatgcaaaaacaactggaa,0,genomic_fragment,NA,NA,ecoli_genome_random
tgttgttaggcgtccatacaggattacacgatcagatttctgttcaggatattggtatcgacaaccttaccgcagcggatg,0,genomic_fragment,NA,NA,ecoli_genome_random
ccacgctgatcatcctgttcgcgctgttcgcctttaacccactgctcggttctggcaacccgattctggtttttgccttcc,0,genomic_fragment,NA,NA,ecoli_genome_random
tgcacctaaatcgtgatgaaaatcacatttttatcgtaattgccctttaaaattcggggcgccgaccccatgtggtctcaa,1,gapA,forward,S,RegulonDB_sigma70
tgcaataattccagcaaccagatttgcacttgactgaataaaaccggcaattgctatatctgactttgtgttcacaaaaat,0,genomic_fragment,NA,NA,ecoli_genome_random
aaccaatgggctgaccgtcattctgttgagcgcgctaccgttcaggcgatacaatggctgacccgagcacccgatcgcttt,1,rnb,reverse,S,RegulonDB_sigma70
tatgggttttacgcagatcggtaaacagatattcaaattcactgtccatttctcggccataggcgtggaatgaacttttaa,0,genomic_fragment,NA,NA,ecoli_genome_random
actgaaactattgcaaggacgtgctggttttataacctgcatgtactgtatgattatccagttagctctgaggcattttca,1,dinQ,reverse,S,RegulonDB_sigma70
gcatcctgagtggtagcgcccgtcggtacgcgggaagaacgcacgactgcagtaccggttttcgcggcggtcgccagcgtg,0,genomic_fragment,NA,NA,ecoli_genome_random
tttattccgaagtttgttgagtttacttgacagattgcaggtttcgtcctgtaatcaagcactaagggcggctacggccgc,1,ihfB,forward,S,RegulonDB_sigma70
cggtaggtaacaccatccgtgcatttgcttccgacaacgcgactgtggttatcggtacttctcttgacccggatatgaatg,0,genomic_fragment,NA,NA,ecoli_genome_random
gaagagaaaaatcctgaaattcagggttgactctgaaagaggaaagcgtaatatacgccacctcgcgacagtgagctgaaa,1,rrsH,forward,S,RegulonDB_sigma70
tgtttggcggtgcgggggcagaagtgttgtatcgcccgctggacagcaactgggcgtttggtctggatgccaactacgtta,0,genomic_fragment,NA,NA,ecoli_genome_random
aactttggattttgcatgctaataaagttgcgtatcggattttatcaggtacagtgtgacgctttcgtcaatctggcaata,1,topA,forward,S,RegulonDB_sigma70
tttcaggcaaacaaacaaattaggggtttacacgccgcatcgggatgtttatagtgcgcgtcattccggaagtgtggccga,1,serT,reverse,S,RegulonDB_sigma70
acaaagttgggtcgttatggggtaccagggagctgctggcaactacctgatgtcccttactatggaaaaagtcgagaaacg,0,genomic_fragment,NA,NA,ecoli_genome_random
acccaggcatggattctcttcgctgatcggcatgtaaggcagctgcttatctgctccgacatccagcgtacgcaaggtgac,0,genomic_fragment,NA,NA,ecoli_genome_random
tgaaggttatttacatgttagctgttgattatcttccctgataagaccagtatttagctgccaattgctacgaaatcgtta,1,accB,forward,S,RegulonDB_sigma70
gcgatattaccaaagaaaagatttgcgagaaatataaatcgaccattgaggcgtttaaaaaagagcaactagcgttaccag,0,genomic_fragment,NA,NA,ecoli_genome_random
atttacatggttgctgtgttgttaaattgtacaaagatgttatagaaacaaaatgtaacatctctatggacacgcacacgg,1,cstA,forward,S,RegulonDB_sigma70
aagcactgttttcgttactgtctctcttgtccgtgcaatagctcaataatagaataaaacgatcaatatctattttatcga,1,isrC,forward,S,RegulonDB_sigma70
catgaaaaccgtctgctaaagatcgacgcacattatgtaatgatagcgtaactttaccaatccaaccttcatgaacaacga,0,genomic_fragment,NA,NA,ecoli_genome_random
attcactgcgcgaggcgctggcaaaactggtgagtgaaggcgtgctgctcagtcgacgcggcggcgggacgtttattcgct,0,genomic_fragment,NA,NA,ecoli_genome_random
tttgcaattatttgccacaggtaacaaaaaaccagtccgcgaagttgatagaatcccatcatctcgcacggtcaaatgtgc,1,nupG,forward,S,RegulonDB_sigma70
tttttaccatcggggctttttttctgtcttttgtactcgtgtactggtacagtgcaatgcataacaacgcagtcgcactat,1,mtr,reverse,S,RegulonDB_sigma70
tggcaggttgctccagcaacgctaaaatcgatcagctgtcttctgacgttcagactctgaacgctaaagttgaccagctga,0,genomic_fragment,NA,NA,ecoli_genome_random
acaaaaagtggcgaaagaagagggtttccctctgacggagggcgtgttcgtctcgtatccggggccgaatttcgagactgc,1,xapB,reverse,S,RegulonDB_sigma70
ggaagagaacaccggtgacgttatcggtgacttgagccgtcgtcgtggtatgctcaaaggtcaggaatctgaagttactgg,1,tufA,reverse,S,RegulonDB_sigma70
aaatgatagaactgtgaaacgaaacatatttttgtgagcaatgatttttataataggctcctctgtatacgaaatatttag,1,tsx,reverse,S,RegulonDB_sigma70
tgccccttgtcccctgtcaaatgcttgacggctcgccctaattctctaaattgtatttctagagttggcgaggttttgaac,1,cspD,reverse,S,RegulonDB_sigma70
gggccttttttagcgcgagagccttttttgtcagctatctatactttaaggtgactgccaaaacagactcgacgtagcctt,1,pflA,reverse,S,RegulonDB_sigma70
aattctgcgatgtgatattgctctcctatggagaattaatttctcgctaaaactatgtcaacacagtcacttatcttttag,1,araF,reverse,S,RegulonDB_sigma70
acctgcagcgtcttgacggcccggtcaccggtaacggcaagatcatcaacgaactggaaggcatcttcgaaggtgctggct,0,genomic_fragment,NA,NA,ecoli_genome_random
aacggtgaagatgttcaccaccagctctaaggaagatgccacttttggcctcggctggcgcgtgaatggtaatgccaccat,0,genomic_fragment,NA,NA,ecoli_genome_random
taccgatgtggtattttcactgtcagactgcaacatcgcgtgagtaagcgcagcggtgttgtcgcgttccagagtgaaggt,0,genomic_fragment,NA,NA,ecoli_genome_random
tctgctgcgcctgtctgaaacagtcatcaaaccgttttactaccagcgtgttcaggaaactatcgccatcattcgccgcta,0,genomic_fragment,NA,NA,ecoli_genome_random
ggaaacgatgaaaaccaccgtcgtgctcacagcccttcccttcctcgtcattttactggtgaaagtcggcgggtttattcg,0,genomic_fragment,NA,NA,ecoli_genome_random
cttccttcctgattttgcattgcattctgccgttgcggcgatttagtgctattttcgagcaaattacacacggaggtaaac,1,hicA,forward,S,RegulonDB_sigma70
ccggcagtgaattttcgctgccgggtggtttttttgctgttagcaaccagacttaatggcagatcacgggcgcatacgctc,1,psiF,forward,S,RegulonDB_sigma70
tgactatctggcggggaatggtgtggtttatcaaaccagtgatgtgaagtatgtgattgccaacaacaacttgtgggccag,0,genomic_fragment,NA,NA,ecoli_genome_random
ttaaacgatgaacatcgccgccgttgcgggaagcccaactggcgacatgatcgagatcggccagcacctgcgagtcaggca,0,genomic_fragment,NA,NA,ecoli_genome_random
ttcgcgccgcagcccacttactcacccaaaaaatgaaggatagaacgatgttgcaacattattcagtgtcatggaaaaaag,0,genomic_fragment,NA,NA,ecoli_genome_random
gcagcacagaaagcgccggcaacttgtgaaacgataaaaggaataactttgcgcttgtcgaaacaggcaaacagccacaat,0,genomic_fragment,NA,NA,ecoli_genome_random
atcaggtcaaaactgacatggttgccgttaatttccgtcacggtcaggcagcaaccgttatgcgccacggaagcaccggtt,0,genomic_fragment,NA,NA,ecoli_genome_random
ggttgtgcttcatagcctttctccttgccggatggcgggtaagaggctaagatctgaattgctaggttcattcgttggcct,1,sokB,forward,S,RegulonDB_sigma70
cgtggttagcgaaagctggcatttgttttactttttagccgcataaagtcaaaattaagcatccgttacggctttctgaaa,1,yrbG,forward,S,RegulonDB_sigma70
tgctcaccgcgaattttcatgctcaccagcgccgccgccagttgttccggcttcagctcgccacgcaccaccgctgaaaac,0,genomic_fragment,NA,NA,ecoli_genome_random
tgtggttaaccaatttcagaattcgggttgacatgtcttaccaaaaggtagaacttatacgccatctcatccgatgcaacg,1,uxuA,forward,S,RegulonDB_sigma70
ctcacagtttggcgactcttatgtgtatgtcattttcgaagatggcaccgatccgtactgggcgcgttcgcgggtgctgga,0,genomic_fragment,NA,NA,ecoli_genome_random
aaattttagtgaggcataaatcacattacgcaacgataatagcgggtataagataaataaaaggtaaaacgttttatctgt,1,malI,reverse,S,RegulonDB_sigma70
agttgttttcttgcgattttgtctctctctaacccgcataaatactggtagcatctgcattcaactggataaaattacagg,1,yehF,forward,S,RegulonDB_sigma70
gatggcatttcatgccgtttttccccaggcataaagtgcacttcgttatggttgtcggcagagatttttcctttttattac,1,yhjX,reverse,S,RegulonDB_sigma70
gatgatttcaataacatattctgtgttggcatatgaaattttgaggattaccctacacttataggagttaccttacagggg,1,cbpA,reverse,C,RegulonDB_sigma70
ctggtcccgggaacgggtgacggtacagcatgtcgtacggcaggcccagctccagaccaatcttacgcacttcgtctttga,0,genomic_fragment,NA,NA,ecoli_genome_random
catcgctaattccccgcgccgtaattcgcatgctttagttgtgtatactcgatcccgcccgaaatgtttttgggtaaatct,1,yjbE,forward,S,RegulonDB_sigma70
accggattttgggacgttatttgccgacatgtgttatggcgataacgaaatcattcctttttcccgtgttctgcaaccccg,0,genomic_fragment,NA,NA,ecoli_genome_random
tcggcgtcaatcgccatctgtttgccgggcatcgcgtctaaggtaaagcgggcagaaacctcggaaatacgctcggcccct,0,genomic_fragment,NA,NA,ecoli_genome_random
gctgttatcggaattgaaaccgttgtatctgtaagttttgacttcgccgcaacttcctttaaatttgtatatcctttactg,0,genomic_fragment,NA,NA,ecoli_genome_random
tattgaatgcgtgagaaaagtgtattggtaagagccgggacaacctcgctataaaaaggcgttagattccaccctacagaa,1,xapA,reverse,S,RegulonDB_sigma70
ataacttctactggcagcgggaatttacccagaatatcaacctgcttggaagcgtctgcaatacagataaatttttctgca,0,genomic_fragment,NA,NA,ecoli_genome_random
gccgtttacgcgcagcccagagcgatgaagagctgtatcaaatcattacggataccgaaggtactccggatgaagcgtagt,0,genomic_fragment,NA,NA,ecoli_genome_random
gttgagtttttcctccagcgtcgcggcggtaaatggcttcaccacatagccactggcccccgcttgcgccgcagcaatgat,0,genomic_fragment,NA,NA,ecoli_genome_random
cagagtgcaagtgggctttggcgtgtggcaattcttaaaacattgtctaacatgcttgttaccgtcattatcatccgtggt,1,cyaA,forward,S,RegulonDB_sigma70
ggccaaccagataaccttcttcctccagatcctgcatcagggcattgccctctttttcgatataagcaaagtggcagaacg,0,genomic_fragment,NA,NA,ecoli_genome_random
ggcgagccgtactggtgtgaagatgcttactacaagttgaccctcgcccaggttgaaaagctggaagaagtcaccgccgaa,0,genomic_fragment,NA,NA,ecoli_genome_random
taatgcctgaagtagatcacagaatatatcttcagggatcgcatatctattaagttactcactcttttctatttatgacat,0,genomic_fragment,NA,NA,ecoli_genome_random
tattgttcgcagaaggctttttgctgatggggtcgttcgtcacgctgtttaattacatcggctatcggttgatgctctccc,0,genomic_fragment,NA,NA,ecoli_genome_random
ttgcttgacccgcaaatggaaagacaactggtgctgggattatgatgtatactattatgtatattctggtgtgcattatta,1,yafN,forward,S,RegulonDB_sigma70
tcgccagcgccctgtcacgtctgttactattggaagtcttacacgctcgtcgcaccaccgggttgcaattgccggatcgca,0,genomic_fragment,NA,NA,ecoli_genome_random
ctttcctgggtcatttttttcttgcttaccgtcacattcttgatggtatagtcgaaaactgcaaaagcacatgacataaac,1,gdhA,forward,C,RegulonDB_sigma70
tgatgccggcagcctgggcggatacctgaatctggtacacacgtcctccggcctgtgggctgacattgtggcacagggaac,0,genomic_fragment,NA,NA,ecoli_genome_random
gaagcaatcgacgcactggtgatcagcctgaaaacgcgctcctgtccagtggttgaagccacacagcaatcgctggcggct,0,genomic_fragment,NA,NA,ecoli_genome_random
agcaacatctatcatctaaaaaaccagaaaaacaaataacatcatgtttttaaactaattaaatgaaataaaattttaagc,1,alsR,reverse,S,RegulonDB_sigma70
cgagcgcgcagcataccgtgacgtgccatccagtccatttcgccgtggtattgtttgtccagccatgcttgcagtttgggc,1,nnr,forward,C,RegulonDB_sigma70
caaactgatcgcctttagcgatctgctggaaaaactggcgattgccccggaaaatgtggcttatgtcggcgatgatctcat,0,genomic_fragment,NA,NA,ecoli_genome_random
tcagggagatgtgagccagctcaccataaaaaagccgcatgttgaataatattttcaactgagttatcaagatgtgattag,1,dadA,forward,S,RegulonDB_sigma70
taattattatcattttgtgggtcctttccggcgatccgacaggttacggggcggcgacctcgcgggttttcgctatttatg,0,genomic_fragment,NA,NA,ecoli_genome_random
ttaatgtaaatggtgtgttaaatcgattgtgaataaccagcgcttccggcaggatacggtcgccctggtaaaacataaact,1,putP,forward,S,RegulonDB_sigma70
acgtcacacagggtgattacaggttgctgctatcgcctttcaggccgatcgggaagacttcttccaggtcgccgtgcggac,0,genomic_fragment,NA,NA,ecoli_genome_random
atggaactcatcataaatgagacttttaccttatgacaatcggcgagtagtctgcctctcattccagagacagacagaggt,1,cynT,forward,S,RegulonDB_sigma70
cgaggctctttccgaaaatagggttgatctttgttgtcactggatgtactgtacatccatacagtaactcacaggggctgg,1,sulA,reverse,C,RegulonDB_sigma70
atctgccgccagccgctgaacaatgcccgcctgagtacgaatagcagtgatggtctgaccgatatcatcatgcagctcacg,0,genomic_fragment,NA,NA,ecoli_genome_random
tgtgtggtttttattgatttaaatcaaagattcaagggtgtttgaggagtatatatacactcaagcaacaatggttttacc,1,grcA,reverse,C,RegulonDB_sigma70
cagaaaattattttaaatttcctcttgtcaggccggaataactccctataatgcgccaccactgacacggaacaacggcaa,1,rrsB,forward,S,RegulonDB_sigma70
ctcgcttttggcggtatccggtacactgcattttgtctattacatttatgctgaaggatatcctcatgtaccaggatctta,0,genomic_fragment,NA,NA,ecoli_genome_random
acatattactaatataaataaattttgcttgattcatgcaagcggcattaatactatttatactaacgtcaatatacaacc,1,gspC,forward,S,RegulonDB_sigma70
atcaaacttacttagcgagagttactgtggagggagaggcttgctcaaatccgcgttcaaggatttccagattggtaagaa,0,genomic_fragment,NA,NA,ecoli_genome_random
catcaggagttgatcaaaacaggggttcggcgtattaaagtttgctaacctgtcgtaccaattcaaacaggttgtatgact,1,uxaB,reverse,S,RegulonDB_sigma70
aggcaacaagcaggtggcagtcagcggctggcaagagaactcgggcgtttcactggaacaactggtggaaacctatctgcc,0,genomic_fragment,NA,NA,ecoli_genome_random
gataacattctccggtattcgcagtttgcatcgggttggtaagtcgggatgacccccttgccgaaacagtgctctaccccc,0,genomic_fragment,NA,NA,ecoli_genome_random
cacgctggtggcaagagcgccttactggcaactttggattttgcatgctaataaagttgcgtatcggattttatcaggtac,1,topA,forward,S,RegulonDB_sigma70
ttggcattatggttattgatctgtttgccgtgcaacgttatggtgccagccgatttctcgcgaataccaaataacgtctca,0,genomic_fragment,NA,NA,ecoli_genome_random
atttgctgcaagaccgtgtttaacgccgcctgggtttgccactcccagtacaggcgggctacgctgccagccagcaattgg,0,genomic_fragment,NA,NA,ecoli_genome_random
gggtgataaatggtaaaagtcatcttgctataacaaggcttgcagtggaataatgaggccgtttccgtgtccatccttgtt,1,rne,reverse,S,RegulonDB_sigma70
ttttaagaatattattaatctgtaatatatctttaacaatctcaggttaaaaactttcctgttttcaacgggactctcccg,1,phoE,reverse,S,RegulonDB_sigma70
ctatagcgacgcctggaaggcgattaatccgctggaagttgagtacgtgcgttcggaaatgcaggtgaaatttaccaatat,0,genomic_fragment,NA,NA,ecoli_genome_random
agcgcagaaaattacgttttgcctcttgccaccttcccactctgccgctaatattcgtccccgttgtcacctacaacgttg,1,valV,forward,S,RegulonDB_sigma70
gattttccggccttttttattactggggatcgacaacccccataaggtacaatccccgctttcttcacccatcagggacaa,1,yhdT,forward,S,RegulonDB_sigma70
gcggtaacggttcagccggggtcgcgcccggagcaggcagcacctgataagtctgcactggcgcgcgaacgcccgccaggt,0,genomic_fragment,NA,NA,ecoli_genome_random
atatgctttgtaacaatttaggctgaaattcataccagatttagctggtgacgaacgtgagcttttttaagaatacacgct,1,ompR,reverse,S,RegulonDB_sigma70
cgcttcgcaaccttttcgttgggtaattatcaagctggtatgatgagttaatattatgttaacggcatgtatatcatttgg,1,fadD,reverse,S,RegulonDB_sigma70
cgattcacatttaaacaatttcagaatagacaaaaactctgagtgtaataatgtagcctcgtgtcttgcgaggataagtgc,1,tnaC,forward,S,RegulonDB_sigma70
gcccgggaaaaatatgctcgcgggcttgctatctcgctgacggacaggcaaattgatgaccagcttttaaaccgactccgt,1,accA,forward,S,RegulonDB_sigma70
tcagcaccggtattctgattattccttgcgtctggctgggttttgccgtgcaggatacctccacgccttatagcgtcttca,0,genomic_fragment,NA,NA,ecoli_genome_random
gtgacaaagatttatgctttagacttgcaaatgaataatcatccatataaattgaattttaattcattgaggcgttagcca,1,argI,reverse,S,RegulonDB_sigma70
gactatcatttaatctggtgtctcattgttagccgtctgaaaattcaataacatcaaactgttttgaatctcttttcttat,1,degQ,forward,S,RegulonDB_sigma70
cgacgctgaaaccgatatgaacgacgtggtggcgattctggaaaaccatccgctgctcggcgcaggcttcgcgcataaaat,0,genomic_fragment,NA,NA,ecoli_genome_random
aacgagaacaagaaagttaacgctggttgattttccgaatttagcccttaaatcatcaacaatgcgtgtggatgccatttc,1,lapA,forward,S,RegulonDB_sigma70
aagtggcgaccaccagtagccatgagctggcgatgatcgtgcgtgaaccggtcggcgtgattgccgccatcgtgccgtgga,0,genomic_fragment,NA,NA,ecoli_genome_random
cgtttgtctgtgaaagatatgtcgcttgttaatgtgcaggcactgaaggacaatcgggcaattggcgtagtacaacttaat,1,malY,forward,S,RegulonDB_sigma70
tacgaaaagtacggcattgataatcattttcaatatcatttaattaactataatgaaccaactgcttacgcggcattaaca,1,sodA,forward,S,RegulonDB_sigma70
tttatcgtcaaaaaattgacagccgtcactttttaaacaattggtgaaattaaaatgaacgcatcccaaaatgtttaagga,1,yihV,forward,S,RegulonDB_sigma70
atgaaacggcgtgttgcgatatctccgtcaggggaattgatgcaccatagcgcaaaccgaattatcaaggattgataatga,0,genomic_fragment,NA,NA,ecoli_genome_random
cgggactgcgcttcagacaggttggtagtggtgttgttcaggttggtaaccgcggaatccagacggttttgcaccgcaccg,0,genomic_fragment,NA,NA,ecoli_genome_random
ttacactccgatggagtttgttattgacgtgttacaaaaattcttttcttatgatgtagaacgtgcaacgcaattgatgct,1,clpA,forward,S,RegulonDB_sigma70
gaggtaacgccagaaacgttttattcgaacatcgatctcgtcttgtgttagaattctaacatacggttgcaacaacgcatc,1,deoC,forward,S,RegulonDB_sigma70
acgaatttatcgatcaggaactgaagcacaaagctgcgcaaaccgatgtggtgcaatctgaagctgacgccaacagaaata,0,genomic_fragment,NA,NA,ecoli_genome_random
ttttttgacgataaattacaaatacgatcaaaaacagacaagcaaagcatgtcataaatgacaaaaagtgacataactgta,1,yihU,reverse,S,RegulonDB_sigma70
cgccgcgcgaatgtatgaattcagcgatatggcggaagtggagtcgacgctggaacaactggcaaatcgcgaagatggtcc,0,genomic_fragment,NA,NA,ecoli_genome_random
ttcccccggttgccagtagcttgaaatctgcaacaccgccggtccagacaagccgcggtgggtgaagagtaagttctcacg,0,genomic_fragment,NA,NA,ecoli_genome_random
caacctgtcactgaatgatgggcgtattcgttttcgcttaactttaacgtaccacggtatgctttatcgcatgtgtgcgtt,0,genomic_fragment,NA,NA,ecoli_genome_random
ctctggtttattgtgcagtttatggttccaaaatcgccttttgctgtatatactcacagcataactgtatatacacccagg,1,lexA,forward,S,RegulonDB_sigma70
gcagcggacgatctgaaccaacggttgcaagatctgaaagaacgcactagagtcacaaatactgaacagttggtcttcatt,1,ssrS,forward,S,RegulonDB_sigma70
aaccagagttgcgaaggtacaaaaaattaacgttttagcaatagctatataatatagcctgtgctatatctgtatgtaatg,1,rybA,reverse,S,RegulonDB_sigma70
ccatgtttactgtgcaatttttcattgattgcagaaatatattgataatattattgataactatttgcatttgcaatagcg,1,fepA,reverse,S,RegulonDB_sigma70
ataaaaaatgaacaattcactctcttgcttatttagtgacaactattcatgattttgtgaaaccggtttcttaattccgtt,1,ascF,forward,S,RegulonDB_sigma70
cgattctaattagccaacaggattcgcgccactcatttttctatgcttatatttacttttgcaccttattacttcactgcg,1,rne,reverse,S,RegulonDB_sigma70
aggctgtttactttactagcaatacgcttgcgttcggtggttaagtatgtataatgcgcgggcttgtcgtagttgacagca,1,rpsJ,reverse,S,RegulonDB_sigma70
ctggtaaaagaaacactgatgcgaggcctgtgtttcaatctttaaatcagtaaacttcatacgcttgacggaaaaaccagg,1,bolA,forward,S,RegulonDB_sigma70
tcaaactttcgcccctcctggcattgattcagcctgtcggaactggtatttaaccagactaattattttgatgcgcgaaat,1,ptsH,forward,S,RegulonDB_sigma70
ataacatcgccagttggttatcgtttttcagcaaccccttgtatctggctttcacgaagccgaactgtcgcttgatgatgc,0,genomic_fragment,NA,NA,ecoli_genome_random
tgctcagttatcgccacagctttcacgctggcaaccacgccgacgtccttaaacataccgttcagagcctgatcatcgagt,0,genomic_fragment,NA,NA,ecoli_genome_random
gagcaggcagaagaatatcgaagctggggaatgccagaccaggcgaaattgtcacaagcacaggctgaacagcttgaacag,0,genomic_fragment,NA,NA,ecoli_genome_random
gtttatccgctatgagatttctcatatttagcatacgtacgctgttgttaagattcaatcatcggcccggtcgaattttct,1,rihB,reverse,S,RegulonDB_sigma70
acaccatgccacagaattcccccattgaaacgagtggtgtcgtcaaagctctggtgtggagtgcagcatgcaccctcaata,1,shoB,reverse,S,RegulonDB_sigma70
tcatgtaattgattgattcctatcaaaaagcgtatctccctgttttttatgatggctttgtctcgcagagacgtttgcagc,1,ccp,reverse,S,RegulonDB_sigma70
cgggaacgtcccgctcaggcgcagcccggcaacggcgggatcgcagcgcagcacgccgttgcggtaacgggttagcgtggc,0,genomic_fragment,NA,NA,ecoli_genome_random
gcgccttcagtatggatccccacaatgcggtgacgagttgtctgcgccttgcgggaagtgatggagattttctgccccagc,0,genomic_fragment,NA,NA,ecoli_genome_random
tcataaaactgtcatattccttacatataactgtcacctgtttgtcctattttgcttctcgtagccaacaaacaatgcttt,1,pstS,reverse,S,RegulonDB_sigma70
cgttttccggctgcggtcaattgtgggacatcgcctataatttgcattatcatacctgtcattcaatgccgtgcctaacac,1,lptD,reverse,S,RegulonDB_sigma70
attagtgtgataggaacagccagaatagcggaacacatagccggtgctatacttaatctcgttaattactgggacataaca,1,dps,reverse,S,RegulonDB_sigma70
gccatcagcggtgcaatggttgtcaccagcatgacaaacgacatcatccgcgagaactcttctttcgggtaaatatcgcgc,0,genomic_fragment,NA,NA,ecoli_genome_random
cgaaaaattcgtatcgcttaacacagcatcactcgcttttaccggtacggcctccagcttcggcttttgcgtaaaatcagt,0,genomic_fragment,NA,NA,ecoli_genome_random
gctgaaataatctcgcgcaggactgtaaatagattaaattttgtggaaatataataagtgatcgcttacactacgcgacga,1,stpA,reverse,S,RegulonDB_sigma70
ttgtggcggagtactggtcgcatgaagttgataagctgcaaacgtatattgatcaggtggaaggcaaaaccatgctgtttg,0,genomic_fragment,NA,NA,ecoli_genome_random
acgaagtgaccttcttatcggaccgcgtgtgtgggatttgcggttttgcccacagtgtggcctataccaattcggttgaaa,0,genomic_fragment,NA,NA,ecoli_genome_random
cgtcaatctggcaatagatttgcttgacattcgaccaaaattccgtcgtgctatagcgcctgtaggccaagacctgttaac,1,topA,forward,S,RegulonDB_sigma70
tttaacgataacgccattgaggctggtcatggcgctcataaatctggtatacttacctttacacattggggctgattctgg,1,ssrA,forward,S,RegulonDB_sigma70
acatcaaatcgtaccccaaaccgacacaggtggtcaggtagagaataccaaggcgcttgagagaactcgggtgaaggaact,0,genomic_fragment,NA,NA,ecoli_genome_random
gtctgaaaggtattcaagatagtccaacaaattttcgacttccttattgagagaaagcgagtccagtttcaccaaaacatt,0,genomic_fragment,NA,NA,ecoli_genome_random
tcacgttgtaaattgtttaacgtcaaatttcccatacagagctaagggataatgcgtagcgttcacgtaactggaggaatg,1,ansB,reverse,S,RegulonDB_sigma70
tttcagctaacgggcgctcgagaataggcgcagaatcgacaaacggtctaaaattcagcgaaacacaatgttgctgaatca,1,nnr,forward,C,RegulonDB_sigma70
ggtcgctgccgataatactctgtaattgaaggcttataaggaacctccatgtccagcttgattaataacgccatgagcgga,0,genomic_fragment,NA,NA,ecoli_genome_random
aacacctacagctgtaataagataaacataatgttttactctattaacacctacgatgaatgcataagagatgataaccat,0,genomic_fragment,NA,NA,ecoli_genome_random
ccactgaaaacccgtcgtttgagcttaattcggcactgctttcccgtgcccgtgtctatctgttgaaatccctgagtacag,0,genomic_fragment,NA,NA,ecoli_genome_random
ctaccgttctgaagtgaaaattgacttcaaaggtaactacagcagcgatcttaatcgtgcgtttaataactacggtttgcc,0,genomic_fragment,NA,NA,ecoli_genome_random
tttgtttcccggaaccgaggtcacaacatagtaaaagcgctattggtaatggtacaatcgcgcgtttacacttattcagaa,1,ssb,forward,S,RegulonDB_sigma70
aataactcctgcgttgtggtcttttccatcgggcacctcaaagtgggggttaagaatgtccttactttaccatgttccagg,0,genomic_fragment,NA,NA,ecoli_genome_random
agagggcagcgcctcagatcagcgctgcgaatgattttcaaaaatcggctttcaacaccacgcggtaacgcgccttaccgt,0,genomic_fragment,NA,NA,ecoli_genome_random
agctttcccgctcacaattaggtgatatcgcagaaggcgctatcaatgctaaatactcccgtgataaagagtccgaagcag,0,genomic_fragment,NA,NA,ecoli_genome_random
tattttcgctatggttatgcgtaagcattgctgttgcttcgtcgcggcaatataatgagaattattatcattaaaagatga,1,gpmA,reverse,S,RegulonDB_sigma70
cagacgggaaatccagtccggcggagatggagtaagattcttcaatctgcccgtcttcggtttgcatcatcggcgctttca,0,genomic_fragment,NA,NA,ecoli_genome_random
ttgccgttcgctcctgaacatccactcgatcttcgccttcttccggtttattgtgttttaaccacctgcccgtaaacctgg,1,tyrB,forward,C,RegulonDB_sigma70
aaccgaggtcacaacatagtaaaagcgctattggtaatggtacaatcgcgcgtttacacttattcagaacgatttttttca,1,ssb,forward,S,RegulonDB_sigma70
tttaccgctacaaaagccggggtttatcaattgacggcaaccctcgaaaatggcgattcgatgcaacaaacagtgacctat,0,genomic_fragment,NA,NA,ecoli_genome_random
cttaaaaaatcactgccggttacattgtagtaaagtaagtaactggttaatttacattctggtcgcgtgcgcaaatacgct,1,dksA,reverse,S,RegulonDB_sigma70
agaaaaaatcggccagccaggcagcgttagtgtcaacgatttgcccgtgtaacacttcatccccggtggataacatttcca,0,genomic_fragment,NA,NA,ecoli_genome_random
aatcctggcaccgatgctttcccagtttgcctatgacgatactgactgggcgatgatgtccagcgccccggatatggagtc,0,genomic_fragment,NA,NA,ecoli_genome_random
tcacccacgcggcgagaatggcggggcgcaaccggacagaattttataaactgctttcccgacacgagctggatgcaaacg,1,glnB,reverse,S,RegulonDB_sigma70
gtatatagatatgctaaatccttacttccgcatattctctgagcgggtatgctacctgttgtatcccaatttcatacagtt,1,cysK,forward,S,RegulonDB_sigma70
gtttgcgagattgaattcactatatgacaggaaatttattgcggaaattgatatattcacaacgtcacattgcaatttttg,1,ilvY,reverse,S,RegulonDB_sigma70
ttattcaccttttggctacttattgtttgaaatcacgggggcgcaccgtataatttgaccgctttttgatgcttgactcta,1,atpI,reverse,S,RegulonDB_sigma70
ttccttcagacttgagatccataaatgctctgaattatttacaggttccgtctatcgactggagcgattccggctacgtcc,0,genomic_fragment,NA,NA,ecoli_genome_random
gcaacgtaaaatgataatcgcgcagttaatctattattttgggattgctgttagcacaagttatttaacggtgtctttgcg,0,genomic_fragment,NA,NA,ecoli_genome_random
tctgcgaacaagctttgcagattttgccaccgctttcacagaagtggtagacttcgttccttatgaagattctctgaaaca,1,valS,reverse,S,RegulonDB_sigma70
cgctatttatccgccgtgtatcgcactggttgtattaagttttacacgctcatggtggcataattcgtcccgcgtgattgc,0,genomic_fragment,NA,NA,ecoli_genome_random
ggaggtaaaccaactgcgggcatcaccgtggggaaacagtagtggtaaccgttcataaaattcactgtcccaggcgacgat,0,genomic_fragment,NA,NA,ecoli_genome_random
ctgcattccaggggagctgattcagataatccccaatgacctttcatcctctattcttaaaatagtcctgagtcagaaact,1,hslJ,reverse,S,RegulonDB_sigma70
ttcgggacgattttgtgcgtcccgcaacatctttccccgtcattttgttactctgcttacatcacctggattgatagtaaa,1,tsx,reverse,S,RegulonDB_sigma70
atcacgccgacaggtgcattacacgatgtcacggtaacgcctgtacggtaaactatgcgggtttacggtcagtacccacat,1,metJ,reverse,S,RegulonDB_sigma70
gcagcactgatcgctgacaaaggtccgcaggcggcgctggcacagatttccggtcttgatgccaacagcgaggttgtatcc,0,genomic_fragment,NA,NA,ecoli_genome_random
cgccgctttcagggcgttctcttcaataaacgcacggcgcggttcaacggcgtcgcccatcagcgtggtgaacaactggtc,0,genomic_fragment,NA,NA,ecoli_genome_random
tatgatcctcgaaggcgcagtgaccaacgtcaccaactttggcgcgtttgtcgatattggcgtgcatcaggacggcctggt,0,genomic_fragment,NA,NA,ecoli_genome_random
atgctggaaagtatgccggggcatcaccaggttgaagcgtggccgttagctgagcaatggcgttggttaacaacctggctg,0,genomic_fragment,NA,NA,ecoli_genome_random
gatccacaaaggctttcccgggcactggaagtttttttcatttcgggtaaaactttaacggaactgacgcaaacgtcagga,1,hfq,forward,S,RegulonDB_sigma70
ccaggaaaccagttttgtaccgtggaatatttcacctcggcgtttttatggatgatgacttccaccactgccgcgtgtaac,0,genomic_fragment,NA,NA,ecoli_genome_random
tgcttaatccatgagccagcgtgctgaacgataccgggattctgttgtcggaatggctggttatccattaaaatagatcgg,1,opgG,forward,S,RegulonDB_sigma70
acaacctcatactcaagagtcaaaatttgcgtaattttactacagctgaatcgataaaatagcctctgaagatcaaaatat,1,yibN,reverse,S,RegulonDB_sigma70
tatatgtaacagattattacaaaggacttgtctgaaagtgcaagatagtgaacattacctgccgtttcccctcccactata,1,dtpA,forward,S,RegulonDB_sigma70
cgcggtgattgccgcaataccgacggaataaacgccgaaaggggaaaaaaccagtgccagcaatccagtaaatacaattaa,0,genomic_fragment,NA,NA,ecoli_genome_random
actggctttatgtccggttggcgttgtgtccacataatgctctttgacgcctctgtagcacagcatcataaaaataaagcc,0,genomic_fragment,NA,NA,ecoli_genome_random
tagacttagtcgagatcagccctaacgccgagccgccggtttgtcgtataatggattacggcaaattcctctatgaaaaga,1,rpmI,reverse,C,RegulonDB_sigma70
acaatatttgccagggacttgtggttttcatttaggcgtggcaattctataatgatacgcattatctcaagagcaaattct,1,fur,reverse,S,RegulonDB_sigma70
tttggcggcggtgctttatggtggctacacccggccagaagcagtgctgtgatcaaaataaggcagaaacgcattccgtac,0,genomic_fragment,NA,NA,ecoli_genome_random
tcggcgaccagacgaataatatcttcgtcttcaaccgatttttgactctcaacggtctttttatctgctttctctggttcg,0,genomic_fragment,NA,NA,ecoli_genome_random
gctttctccacaaagataccgtcctgatgccctgcttcattaaagaaccagatgccgagcgggtagtcttccagcgaaacc,0,genomic_fragment,NA,NA,ecoli_genome_random
atctcgcatggacgaaataagctccttgaattggcggggaaatgccatagtgaagagttgtggagtccggttcgttgcgct,0,genomic_fragment,NA,NA,ecoli_genome_random
aggcaaaactgcatcagagaaagcattgcgtggggtctggcgctcatcaacaatcggggagtcagcagggggctgaaacgg,1,ibsD,forward,S,RegulonDB_sigma70
ccacagcgattgctgaaggcgtgatcagttatttccactggttcgacaaccagaaagcacattcgaaaaagcgataagtta,1,hemF,forward,S,RegulonDB_sigma70
agtgacattatcgctgttaacgcggttctgatgacgctactcacctttaccgcctatgcgctggatggttttgcctacgcg,0,genomic_fragment,NA,NA,ecoli_genome_random
agcagctctcgcaggaaggcggctcgctgaagatgtacaacatcgccgatcgcctggaaacggtgatgtgggagagcaaaa,0,genomic_fragment,NA,NA,ecoli_genome_random
tgccggtccggaaacatttcttgaactctctgccgcagaccgctgaaattttgctcttccggtaacagaagtacatgcgca,0,genomic_fragment,NA,NA,ecoli_genome_random
cagctcaccataaaaaagccgcatgttgaataatattttcaactgagttatcaagatgtgattagattattattcttttac,1,dadA,forward,S,RegulonDB_sigma70
gacggaactggctaaacgcgttgactttctccgcagttaaggtcgtcagaaaaccccgtatcagcgtgagcagagcttcgt,0,genomic_fragment,NA,NA,ecoli_genome_random
tgatgatacggatgtgcttctccgtatacaccatgttatcggagagctgccaacgtatggttatcgtcgggtatgggcgct,0,genomic_fragment,NA,NA,ecoli_genome_random
ctgtccatttcacgatgaaaaaaatgtagttttttcaaggtgaagcggtttaaattcgttctcaaattacagtcaggacgc,1,glmU,reverse,S,RegulonDB_sigma70
acgatggcaaccagagaaaccgccttctgtgcctgttccagcacttcgctgtagggcgctctggaatcaatctcaagaatt,0,genomic_fragment,NA,NA,ecoli_genome_random
gcgatcgcgtactgggtcgtgtaactgctgaagacgttctgaagccgggtactgctgatatcctcgttccgcgcaacacgc,0,genomic_fragment,NA,NA,ecoli_genome_random
cctgtcttgtgttgacaacattttctgctaaccctgtgacctgcaatactgttttgcgggtgatcgacaaggagacttaac,1,pepD,reverse,S,RegulonDB_sigma70
ttcaaatccggcccccgcaaccactttcccttagagtcctttttcaaatatactgtgaagacttcggccttcgtagtggga,1,rimP,reverse,C,RegulonDB_sigma70
gacaactgggcacggtttgaacgtaaccagcgctccacgagacgatcgcgcacagcaaataacgttgcgttcagccattca,0,genomic_fragment,NA,NA,ecoli_genome_random
gagaagaaatgcacattgctccgcacgccgagtttttctgccagcgcttcaaattttcgcggcttatcctgaccaacaaca,0,genomic_fragment,NA,NA,ecoli_genome_random
attgatgcgcgggaaggaaatccctacgcaaacgttttctttttctgttagaatgcgccccgaacaggatgacagggcgta,1,cvpA,reverse,C,RegulonDB_sigma70
tcgaggaatacgccaccaattaatgcttcgacggtgtcggcgagaattgactcacgacgaaatccaccgcttttaagttca,0,genomic_fragment,NA,NA,ecoli_genome_random
tcaccacaatccatttaaatgaatttgataatcattctcgtttggcatagcatgaaacatagcaaaggctatgttttagag,1,mntH,reverse,S,RegulonDB_sigma70
ttatctcataacaagtgttaagggatgttatttcccgattctctgtggcataataaacgagtagatgctcattccatctct,1,glmZ,forward,S,RegulonDB_sigma70
gatcgaaaaacgcttgtgttaaaaatttgctaaattttgccaatttggtaaaacagttgcatcacaacaggagatagcaat,1,,forward,S,RegulonDB_sigma70
atgaactgctatccggctgacccgccgtccacgcaatgtcgccgccagtggattgttgccgtgcgccgccagcgactgggc,0,genomic_fragment,NA,NA,ecoli_genome_random
atctattaacgcataaaaaactctgctggcattcacaaatgcgcaggggtaaaacgtttcctgtagcaccgtgagttatac,1,chpS,forward,S,RegulonDB_sigma70
ataatgataagtgtttttaccacttccccttttcgtcaagatcggccaaaattccacgcttacactatttgcgtactggcc,1,purR,forward,S,RegulonDB_sigma70
agtcactgtttatggtttgccgattgttgccgcgcgcaaggtcaactacagccagatcgatccggcgttatgtcgtgaact,0,genomic_fragment,NA,NA,ecoli_genome_random
gccttcctgatgattatgtggggcattgtcggggggctgatcggggctggtgtcgcattaacccgccgttgctcgaaatag,0,genomic_fragment,NA,NA,ecoli_genome_random
ttactgacgttataacttacccagtttagtgcgtaaccgtttaatagcctggctgtgtaactgactgacccgcgattcccc,0,genomic_fragment,NA,NA,ecoli_genome_random
ataaccgaagatgaaatcagggcgctgcaattttctgccggggatgtagcggaaatagagcagacgattctctcttttgtc,0,genomic_fragment,NA,NA,ecoli_genome_random
gggaagttgaaaacaacatgcgcacccaggaagaattgggacggattgaaacagtggctgaatatttggcacgccgtgaag,0,genomic_fragment,NA,NA,ecoli_genome_random
ggcagcatgatgataccggagcccatcatgttgaccatcgtcagtatggttaactgaacgacgcccattttgttcgattta,0,genomic_fragment,NA,NA,ecoli_genome_random
catctaaacttctttgcgtatagattgagcaaatcccaaatagccgttaaaattatatgcattatcacgccgacaggtgca,1,metJ,reverse,S,RegulonDB_sigma70
tcaataatgtttcgccgaataaattgtatacttaagctgctgtttaatatgctttgtaacaatttaggctgaaattcatac,1,ompR,reverse,S,RegulonDB_sigma70
ccccagttcagcaccgctattacgtgctacagggtcgatgggatgtgttgccgtgtagatatgaacgcctggtgccaacat,0,genomic_fragment,NA,NA,ecoli_genome_random
ccggatccccgttatcgccagtccagcccatcattaccgtctggtgctcgccatctttcgcacgcttgaggtactcacccc,0,genomic_fragment,NA,NA,ecoli_genome_random
ccacggcctgacgccagtcggtggctttacgttgtgcctgtacccatttaatatcgttaatcatccgtcgttgactccatg,1,ryjB,forward,S,RegulonDB_sigma70
attgcaatgtgacgttgtgaatatatcaatttccgcaataaatttcctgtcatatagtgaattcaatctcgcaaacgcgaa,1,ilvC,forward,S,RegulonDB_sigma70
gtacgacacgctatttacgacttccgatgacgaaccaggcagttattacccgctgattgctgaaagcgcacgctatgctga,0,genomic_fragment,NA,NA,ecoli_genome_random
tgcattcttaccttcttgctctggactatttggtggaatatccagaacattcagataaaaaatgctttctttattagtggg,0,genomic_fragment,NA,NA,ecoli_genome_random
agccgttggcgatggcgcgtaaatcgctgacggaaatggcagatttacttaacctgcaaagcgcagcggaaacgcatttag,0,genomic_fragment,NA,NA,ecoli_genome_random
cgtttgttttttctgcgatagtcacaaaggtaatagttgaaattcccctgccacctggcaaaatatccgttcaaccatcag,0,genomic_fragment,NA,NA,ecoli_genome_random
tttcaaatgactcggcaagacgttgggtaagatcgtcacgcaccttgaagcgatcaaccaccacttcaatggtatgtttct,0,genomic_fragment,NA,NA,ecoli_genome_random
cgcgtttgtcgccgcactcctgttcgaagcaggaaagaaaggtttcgcgctttatatcaccatgttcccgtcatatcagct,0,genomic_fragment,NA,NA,ecoli_genome_random
tcacgggcaaacgtatttacagcgcagggttgccggagtgtcttgaaaaaggccggaaaatctttgaatgggaaaaacgcc,0,genomic_fragment,NA,NA,ecoli_genome_random
ttatttgcgtttggctcacattcccacgatgaaaacacgccaccccttgaaccaacgggcgttttccgtaacactgaaaga,0,genomic_fragment,NA,NA,ecoli_genome_random
ttttattgaatgtagaattttattctgaatgtgtgggctctctattttaggattaattaaaaaaatagagaaattgctgta,1,ilvI,forward,S,RegulonDB_sigma70
ggacgttcaagcatttttactcgccgctcgctgcggttagttgcgccaggcgcaaccggctcgctggagagcgcctggtcg,0,genomic_fragment,NA,NA,ecoli_genome_random
atatcgttattatcactcccttttactggctaaaccagaaaacttattttatcattcaaaaaatcaggtcggattgacgcc,1,nagB,reverse,S,RegulonDB_sigma70
atataagcttgtgaatttctttcttgttaatcaggaagaagatggtgggtaattaaacggctaattcaatagtgtgaaagg,1,fucA,reverse,S,RegulonDB_sigma70
ccagccagtaaaaaaatcgcgtaaaaaggtgcattaagccagcacgaattcaacgcgttttttcgatatcaagccatgccc,0,genomic_fragment,NA,NA,ecoli_genome_random
atgctactctgaaccgggtattagcaccacatataaggagatcctgcatgttgttagaacaggggtggctggttggcgcgc,0,genomic_fragment,NA,NA,ecoli_genome_random
tgcgaacgtcatatagccgcctgtgttgtaatgacaacgtttcgcggctattcttgagtggtctagagtcaagattagccc,1,rdlD,forward,S,RegulonDB_sigma70
gggtgcaacctgtatcacacccgatgaaagattaattagtcaagattatgatatctttttaacggataatccgtctaatct,1,rcsB,forward,S,RegulonDB_sigma70
agatggacgtatgggcaaggattatggttttatttatcatacaaataaatataataggcgcttccgatgtagacccgtatt,1,rydC,reverse,S,RegulonDB_sigma70
taaaaaagaggtaagatgcgtactacttactcgccgttattggtattattcagaaaaagtgagtaagactttgcagcaatg,0,genomic_fragment,NA,NA,ecoli_genome_random
actaaaccaacgataaaccagactttacccattgctgaatgcacgggtaacgttaggctcaaataattaaacaacacgtta,1,treR,reverse,S,RegulonDB_sigma70
gttagctatagcatacaaaatcacttgaccgatatgttagtcatggctaatcttgtttgcatcaacacaccgcacggtgtt,1,ydfA,forward,S,RegulonDB_sigma70
ccaccgataatcgtattttcagccgtaaccaaccccccctcgcgaatagtcgcctccccagttccttgattaccaatttga,0,genomic_fragment,NA,NA,ecoli_genome_random
aaacaataaaaatcgtagcttcctgttgtcattaggttattttacctgtataaataaccagtatattcaacagggggctat,1,dinI,reverse,S,RegulonDB_sigma70
agatcccctgacggttgatcttcgctttgatattacggtcagcagagcaggagacgcccataccgaccgggcaggatgcgc,0,genomic_fragment,NA,NA,ecoli_genome_random
tcgtaaaccgggcatcaggcttacgtgtgatgtccggttaactcgtggtatgctgctgccgttcccttttttaatgacgcc,1,degS,forward,S,RegulonDB_sigma70
aagcaaggccgtcagcaatttctttttgacgtttttcgatggctgccattaatggcggccatacgtacttcatgcagaaca,0,genomic_fragment,NA,NA,ecoli_genome_random
gcttaccgagactaaatgccacaacgacagtagtaccaagatcgatagcagcaaaaaaagccataatgaccatattgaagc,0,genomic_fragment,NA,NA,ecoli_genome_random
attacactgatgtgatttgcttcacatctttttacgtcgtactcacctatcttaattcacaataaaaaataaccatattgg,1,galP,forward,S,RegulonDB_sigma70
tgagccgtctggggccgaaagccttcgagcagtgcgcgggcttcttgcgcattaaccacggtgataacccgctggacgcgt,0,genomic_fragment,NA,NA,ecoli_genome_random
ctcgttgtttttcagacggtcctgcacacgtttgttgaaagcaagaaagctttcttcatcaaaaacgttatccagtgacag,0,genomic_fragment,NA,NA,ecoli_genome_random
ggcagaaaataccgagcaccatcagctggtttgcaaaggtgcattgcaggaaatcctcaatgtgtgttcgcaggtgcgtca,0,genomic_fragment,NA,NA,ecoli_genome_random
catgcggagcagccacactgtgtacccactcccctggcgctttctccagcggaataccaatatggcgacgacagaaggtca,0,genomic_fragment,NA,NA,ecoli_genome_random
tggtgaccatcaacccagaaattaacatgggtgtactggcgggtatcattaccggtctggttggtggcgcagcctataacc,0,genomic_fragment,NA,NA,ecoli_genome_random
aaaaatatatttccccacgaaaacgattgctttttatcttcagatgaatagaatgcggcggattttttgggtttcaaacag,1,codB,forward,S,RegulonDB_sigma70
atcgtcgcgacaagaccaccggtcgtatggcaagtttcatttggctgatataacctaaagaatcaagacgatccggtacgc,1,ryfD,reverse,S,RegulonDB_sigma70
tttacccttacgccaacaaaatttacaaatcttgattcctgaactgataggctacctggcgaagcagtccgtattcgaacc,1,miaA,forward,S,RegulonDB_sigma70
gggcgagtggcgttaagagtggttgttgattttttgcactggcaggattacactcgcgccgttaaataaccaactggagtt,1,arfA,reverse,S,RegulonDB_sigma70
tacacttgtatgtagcgcatctttctttacggtcaatcagcaaggtgttaaattgatcacgttttagaccattttttcgtc,1,cyaA,forward,S,RegulonDB_sigma70
tgggcgatgaattacgatttgtcctgttgacctccggcgctaccgttgcagactataacgacgcacctgctgatgctcagc,1,lspA,forward,S,RegulonDB_sigma70
gacccggaactgctgaagctggtcgccaaacacgatcccgacaataaatttgctatgccctatatgtgggcgacgaccggg,0,genomic_fragment,NA,NA,ecoli_genome_random
cggtacaccaaatcccagcagtatttgcattttttacccaaaacgagtagaatttgccacgtttcaggcgcggggtggagc,1,metY,reverse,S,RegulonDB_sigma70
tggagcagctcctgtgtaaacactgattgcctcccccccgttgatgggtaaaatagccgcaatttttcgttttcaacaagc,1,prfC,forward,S,RegulonDB_sigma70
cgttgcgcgattcttcatggcgatcgattattccatctgtgccagagttgccggtagtcatcaccacggctgcgatataaa,0,genomic_fragment,NA,NA,ecoli_genome_random
tcttttgaaattcatcaatcagattgccttgttaaaaagtgatcgatatatttgaaatcaagtttcgcatattgaaatttt,1,yiaK,forward,S,RegulonDB_sigma70
ggatctaccgaggtatacaacgggctatgctctaccgcgcccagcgtctgtactttaccatcaccactatcacggacgatg,0,genomic_fragment,NA,NA,ecoli_genome_random
aatgcatttttttgcaaaaagtgttggacaagtgcgaatgagaatgattattattgtctcgcgatcaggaagaccctcgcg,1,ryhB,reverse,S,RegulonDB_sigma70
tcccagttgtctggtttcttcgctttcgcacgttcaccggccagcagagcgtcatccatcataaaggcaacggcacgaccg,0,genomic_fragment,NA,NA,ecoli_genome_random
atcatgacttttgcatgggcgacagataacgacgccttacgccatctctcaaccgaaattattcaggcgcgttttctcgcc,1,speD,reverse,S,RegulonDB_sigma70
cgactttttgcggctccaggttacttcccgtaggattcttgctttaatagtgggattaatttccacattaaaacagggatt,1,manA,forward,S,RegulonDB_sigma70
tacgtggttttccgtcgaaaatttaaggtaagaacctgacctcgtgattactatttcgccgtgttgacgacatcaggaggc,1,rhaS,forward,S,RegulonDB_sigma70
cttaacaagaatgttaaaaaacgctggactcagacagtagagtgtgtgttatggttgactataaagtcagcgaaggaaatg,1,ryeA,forward,S,RegulonDB_sigma70
caatctttgcgattggtcagtgatgctgtcaatcagagggggatttgtctagaatagaagaaataatctttctaactcctg,1,def,forward,S,RegulonDB_sigma70
atgaaatgatgacagagtgtccagtgggcacggatggtgtcttacgacatgcttaccttaatcgttcccagtgtgcctata,0,genomic_fragment,NA,NA,ecoli_genome_random
attaagcagaataataaaaaatgagcaggcattttccctcttcctggatgaggagagggaaaatagtttctgcctttatat,0,genomic_fragment,NA,NA,ecoli_genome_random
ttcaccagttaaattgattgaatgaatatacagggaataataatttctattttatattattccctgttttaattaactcta,1,yadV,reverse,S,RegulonDB_sigma70
caaagaaatccattactatttcgacattgacgatatcagtatcgtcttacgcagccaccgtaaaaacaaactcaacatcta,0,genomic_fragment,NA,NA,ecoli_genome_random
ttctgcatccggcagacgaaccagttccacttcaccgcgtaaataggcgtagttggcttcttgcggattcatgctgacgcg,0,genomic_fragment,NA,NA,ecoli_genome_random
atgtgaacatgatcaacgaattttacccagattgagttcattcagtagccaggttttgaacacatcaagcgcagaatgcat,0,genomic_fragment,NA,NA,ecoli_genome_random
ttttacactttcaggcctcgtgcggattcacccacgaggctttttttattacactgactgaaacgtttttgccctatgagc,1,edd,reverse,S,RegulonDB_sigma70
tatttaaattaagcctgtaatgccttgcttccattgcggataaatcctacttttttattgccttcaaataaatttaaggag,1,gadA,reverse,S,RegulonDB_sigma70
ttttcaccacaagaatgaatgttttcggcacatttctccccagagtgttataattgcggtcgcagagttggttacgctcat,1,infA,reverse,S,RegulonDB_sigma70
cattcgttaagtcatatatgtttttgacttatccgcttcgaagagagacactacctgcaacaatcaggagcgcaatatgtc,1,arsR,forward,S,RegulonDB_sigma70
acaacatgttaaaaatgtctattggaaacaattttatttccaattgtaatgataaccattctcatattaatatgactacgt,1,fecI,reverse,C,RegulonDB_sigma70
tgcagtcattcatcgactcatgcctttcactgatatccctccctgtttatcattaatttctaattatcagcgtttttggct,1,dapB,forward,S,RegulonDB_sigma70
ttgtcaagtgttacgtttagataattgctatccggaaaagcatctgctatttatagcggcctcatttttcccccgaacatg,1,dksA,reverse,S,RegulonDB_sigma70
gcgtcatgcacaacgtattgcggggtaaaatcgtagatgttttgcatcaggcgtaacgcttcgcgccactgcatctggatg,0,genomic_fragment,NA,NA,ecoli_genome_random
catttatcctcgcggggtatcatgacgtcgaaacctgccgtgactatggtgataacgagcgcgtaacgctcggccgctatt,1,ychQ,forward,S,RegulonDB_sigma70
tggctaacgcctcaatgaattaaaattcaatttatatggatgattattcatttgcaagtctaaagcataaatctttgtcac,1,rraB,forward,S,RegulonDB_sigma70
tggatggtgagtgtctttaacgctattgcgctgtcagatgtaactctgtaaaacagatcaggaaggcgtaattcatcgatt,1,rpiB,forward,S,RegulonDB_sigma70
tcatgagtaaggtactggaaatgttgaccacttaatcgggactggtgttattattgcccgcttatgtcgtctgcattgcac,1,pssL,forward,S,RegulonDB_sigma70
gtaaaagtaataaactggttcaactgggccgcaaaaacagcacattaaatataacctgcacagcaccaacgctaattgctg,0,genomic_fragment,NA,NA,ecoli_genome_random
atgtttcccgacccgtggcgtaccaacccggtaggccgtttctgggatcgcctgcgtggacgcgatgtcacgccgcgctat,0,genomic_fragment,NA,NA,ecoli_genome_random
gcacggtaatgtgacgtcctttgcatacatgcagtacatcaatgtattactgtagcatcctgactgttttagcatagcttt,1,yhfA,reverse,S,RegulonDB_sigma70
agtctgtgggtggaaccgcgtaacaagtggggtaagggcaccatcggcctgatggaaatcccaacaacgggcgaaacgctg,0,genomic_fragment,NA,NA,ecoli_genome_random
ggttcggaaattacccaacagcgtggtggtatccataactcggtcacccgtatcacgccgaaaccgacgcatatgatcggc,0,genomic_fragment,NA,NA,ecoli_genome_random
ggccacttgcggcagctgttgctgctcaactgcatgacgaagcgcagccagattatcgcccgcctcgtcgagacaagcctg,0,genomic_fragment,NA,NA,ecoli_genome_random
aaacgtcaatttgttattgatgttggtattactcgtggccgtcggtcagatggcgcaaaccatttatattccagctattgc,0,genomic_fragment,NA,NA,ecoli_genome_random
tgacgtttctttccagttagtcaaaatggctcaggcctgcaaggaagggaatgtcgccaacagcgaagagagttgggcaac,0,genomic_fragment,NA,NA,ecoli_genome_random
taaatgtaatttattatttacacttcattcttgaatatttattggtatagtaaggggtgtattgagattttcactttaagt,1,aroL,forward,S,RegulonDB_sigma70
gttctaataaaatagattgggtgggttgtatattgacgttagtataaatagtattaatgccgcttgcatgaatcaagcaaa,1,gspA,reverse,S,RegulonDB_sigma70
caaaaagtcgtactagtctcagtttttgttaaaaaagtgtgtaggatattgttactcgcttttaacagggcaacggaacac,1,fumA,reverse,S,RegulonDB_sigma70
gtgccatgtcctctcccgcgtgagaaatacgcttccccgtaagcgcatggtaaactatgccttcaaatcgggcttatcgcg,1,mtn,reverse,S,RegulonDB_sigma70
agtgggcggcaggcaaaaacgatatcggctggtactcgctggatgaaggtgataaccagcaagagcgtttcgccagctatc,0,genomic_fragment,NA,NA,ecoli_genome_random
ggtatcggtaatacctacctgctgaaagcccagttccagcccccactgtttaattttttgcgctaactgattgagatcgag,1,nnr,forward,C,RegulonDB_sigma70
gtgtttatgtctctggctgccaattgcttaagcaagatcggacggttaatgtgttttacacattttttccgtcaaacagtg,1,ilvI,forward,S,RegulonDB_sigma70
tcgcgcagcagctgcgccacttccatggtcatttcggccgggcttaacggaccgtctgataccacttcgccttgcaatagc,0,genomic_fragment,NA,NA,ecoli_genome_random
ccttgagcagcaactggcgcaactgcaaatgcaggcccatgagcaaggttatcaggcgggtattgccgaaggtcgccagca,0,genomic_fragment,NA,NA,ecoli_genome_random
tttccactttctctctttctaatccatgggttattctcggtaacgtgacggcaacgaatatagttgcggattcaccactgt,0,genomic_fragment,NA,NA,ecoli_genome_random
atggtccgcactgggcattgacgctgtagttgtcggtcaggtcactccgaatccggatggttcttacaatgttgcttatca,0,genomic_fragment,NA,NA,ecoli_genome_random
atgccttgcagagcgcgctgttgaagcttcgtttagcgactaccgcgtaaggttgcctgcgtttttcagtaagataattag,1,lpxT,forward,S,RegulonDB_sigma70
aagagctgcttaaccgccgcgcccagggtgaagatccacgctactttaccctgcgtcgtctggatttcggcggctgtcgtc,0,genomic_fragment,NA,NA,ecoli_genome_random
ctgccacattcggcccacgggagctgcctgcgctttggcattttctcgattctcttcctggcgaatttaattatggcgtgg,0,genomic_fragment,NA,NA,ecoli_genome_random
atcccgcggtgcgtacgccgctggagtggcgtcaggcgatatacgaagaaaaacttgcgcaggcgcgcgagtccattattg,0,genomic_fragment,NA,NA,ecoli_genome_random
cccgatgtacgcaataactgcccgtcggtagcagacgcataatcagcattgcggtgactgatttacctgagccggattctc,0,genomic_fragment,NA,NA,ecoli_genome_random
aaagatctgattgaagaatcaacagcaacatgccaggatgagttagcgaattacactaacaagtggcgaatttcatcatgg,1,pspF,reverse,S,RegulonDB_sigma70
cttccgtttcaatgcgcgttccgtctttccgggtatggtcggaatctttcacacccatccaggtgatttgcgcctgtggct,0,genomic_fragment,NA,NA,ecoli_genome_random
acagtttttcgtcgacaccggaagagaggatcacccatggcatattgatatggtcattcagacgttgtgaagcacagagaa,0,genomic_fragment,NA,NA,ecoli_genome_random
cgcgtgtttcatggtttgtcggcgtcatcgtcgcctttgcggcctacgccttattaaagaaacgtacaacagcagaaaaaa,1,allB,forward,S,RegulonDB_sigma70
ccgccatcgactgctccggatacgctttcggtgcacggaacgtcttctcgtggtcgttttcgaaatagagcactttgtaag,0,genomic_fragment,NA,NA,ecoli_genome_random
cagccaggctgtcgatcgcgttcaatgttttttcgccatccggcacggcaatcttaataacctcaaaccctaaatccttcc,0,genomic_fragment,NA,NA,ecoli_genome_random
caaagctgaatcgattttatgatttggttcaattcttcctttagcggcataatgtttaatgacgtacgaaacgtcagcggt,1,ptsH,forward,S,RegulonDB_sigma70
ggtggagctgataaccagccagatccctgaggcaggtaaatcttctaacagcggaccgtgcagcgtttcggtggtaaaacc,0,genomic_fragment,NA,NA,ecoli_genome_random
tgctgaacgataccgggattctgttgtcggaatggctggttatccattaaaatagatcggatcgatataagcacacaaagg,1,opgG,forward,S,RegulonDB_sigma70
acggtaaagcccctgcgtttgctgggttgaactgataatcattatcactaacatgctgttatacgctgaaagcgatgaagt,1,sufA,reverse,S,RegulonDB_sigma70
gtctccggtatgttgcctgaggcggtttttttgtctctaacgtgcggaaaaatttgttcctcttcacattttttgtacaac,0,genomic_fragment,NA,NA,ecoli_genome_random
gaaagtttcccgtcacggcgtaccggttgcgggtgtggcagtatctattgctattctgctaattggctcatgcctgaacta,0,genomic_fragment,NA,NA,ecoli_genome_random
ccgccgagcgaagtggagccggtagatacctttgcgcttgaacaaatggctcgcctggtggaagcgcgtctggctgatttc,0,genomic_fragment,NA,NA,ecoli_genome_random
aacgataaaccagactttacccattgctgaatgcacgggtaacgttaggctcaaataattaaacaacacgttacaggacaa,1,treR,reverse,S,RegulonDB_sigma70
gcttttaaaaccaccaccaaaacctggtgcctgattcgcctggttgaataacgcaatcgcagtgcatccaccacataatgc,0,genomic_fragment,NA,NA,ecoli_genome_random
ttcagactgccactgcggaattccggcggattgcgtcagtgaataaccgccctgcaaccacagttgcagcgacagcgccag,0,genomic_fragment,NA,NA,ecoli_genome_random
aaccacttttcgacgctttttcgccgagagtttaactggtcaccgcgtgatattcgccagggacgggatggctttctgcaa,0,genomic_fragment,NA,NA,ecoli_genome_random
aagcaccggctccataaccctacgtgctgtcttccctaacccgcaacatacgcttttgccgggtatgtttgtgcgtgcacg,0,genomic_fragment,NA,NA,ecoli_genome_random
ttttaacttttaaagcagaaatattgcataattattctgtcaaaggtactatcttcgacctcaatagctatcagactgcca,1,artP,reverse,S,RegulonDB_sigma70
ccgttagcgtaatgttgagtgtaaacccttagcgcagtgaagcatttattagctgaactactgaccgccaggagtggatga,1,lysC,reverse,S,RegulonDB_sigma70
ttcgtttgcaaaggaaggtaaatctttgccaaatcagaggcgtctctgatatgtttaactcccgtttaacaaccatggagt,1,yoaE,reverse,S,RegulonDB_sigma70
tttgttgcgatttagcgcgcaaatctttacttatttacagaacttcggcattatcttgccggttcaaattacggtagtgat,1,infA,reverse,S,RegulonDB_sigma70
gttaatgtccaaagtagcaactttgcttgcactagaccgactggtctactacactccaacgcatgaacaaacacaccgaac,1,nemR,forward,S,RegulonDB_sigma70
attactaatataaataaattttgcttgattcatgcaagcggcattaatactatttatactaacgtcaatatacaacccacc,1,gspC,forward,S,RegulonDB_sigma70
taccggggctgtacgacgcgttcttcgccgatcaggaagagtttgaacgtctgtataccaaatatgagaaagacgacagca,0,genomic_fragment,NA,NA,ecoli_genome_random
atctgacgagccgcaatttgcgagcataagaatgcaccatcgacatcaacggtaaaaatcttgcgccactcatcaaaagcc,0,genomic_fragment,NA,NA,ecoli_genome_random
ccgtcattaacgattttgttggcgaccgcaacggcttgtttcgggtcgcatgcgtcgtcatattccacgccaaccagttta,0,genomic_fragment,NA,NA,ecoli_genome_random
tcttcacgccaacgtgctgttacttgccggaaaacgaccctataatccgagtaattcattctttatttcagggtcgattat,1,frlR,forward,S,RegulonDB_sigma70
ggataccggtggaataatgccgctgaattttttcattacctcagtttccttttcgtaagtgctcattttcgtttctgtatc,0,genomic_fragment,NA,NA,ecoli_genome_random
gtttcatggcttaaacgtcatttattctcttgagtcgtcgaaatcgtcgctaagataattatactcaacggattcacctct,1,pepA,reverse,S,RegulonDB_sigma70
ccactgtcagggcgtggtactgctgggcgtcgaggcgaaacgtctgctccattcctccgctttgcggtttgaagcttgcct,0,genomic_fragment,NA,NA,ecoli_genome_random
gtgtgctggcgtggttaatcctcggtagcatgatttccccggtggtcatggcggcaatcatggcggcggttgcaggaatta,0,genomic_fragment,NA,NA,ecoli_genome_random
gccgagaaagccaccgggaataaaggacagtaaccagaaacgcccttgccagaccactaccgccgagaagggtacggtagt,0,genomic_fragment,NA,NA,ecoli_genome_random
aaggctgattttttcgcatatttttcttgcaaagttgggttgagctggctagattagccagccaatcttttgtatgtctgt,1,rpsM,reverse,C,RegulonDB_sigma70
gctgctggatacgctggacgcactggcagagtaccaacgcgcgggaaaaattcgttatatcggcgtgtcgaacgaaactgc,0,genomic_fragment,NA,NA,ecoli_genome_random
atgatccagcgttccgtacccggctattccaatattatttccatgattggtatgttagccgagcgcttcgttcaacctggt,0,genomic_fragment,NA,NA,ecoli_genome_random
agcttgcgtcaatgggcaaggtgggcttgcatttgcttaatagaaaggcgttaataggcaaaacgaaatgaaacgaaagtt,1,agaR,reverse,S,RegulonDB_sigma70
aatatccacagcgacgcgatgcgttattgctggtttttgttgtctctgacaaactcttgtaaacagagttatccacagcct,1,yjeV,forward,S,RegulonDB_sigma70
agggttgtaattgtgatcacgcccgcacataacccactgggtgttgtctatactttacacataaggaagaggggtattccc,1,ychH,forward,S,RegulonDB_sigma70
caagctttgcagattttgccaccgctttcacagaagtggtagacttcgttccttatgaagattctctgaaacaactggcgc,1,valS,reverse,S,RegulonDB_sigma70
gcaaaaaattaatttatcattctgtacacatatttcgtacaagtttgctattgttacttcacttaacattgattaacattt,1,ycgZ,forward,S,RegulonDB_sigma70
cggggctaaacaggcgaacgacctggattacgccagcctgccggatagtgtagttgaacaggttcgcgctgcgtggaagac,1,pstC,reverse,S,RegulonDB_sigma70
tctgcacttcggttcttaccatgacgttgactcctctgaactggcgtttaaactggctgcttctatcgcctttaaagaagg,1,tufA,reverse,S,RegulonDB_sigma70
tgaaataaaaatgcatttttccgcttgtcttcctgagccgactccctataatgcgcctccatcgacacggcggatgtgaat,1,rrsH,forward,S,RegulonDB_sigma70
tttacgtctgcgcgggttgatggcaatccctgcgcctgagtcagaatatgtaaggcagtttgaagttgcacgccaaatggc,0,genomic_fragment,NA,NA,ecoli_genome_random
tacgataacggttttaacctcactgcgttttcagtaactctggtggccgttattttatctcttggcggtaagtttattcac,1,allB,forward,S,RegulonDB_sigma70
gagttcgccagataccattttgatgcgtgacgaatgctttgccatccagtaccatagcgccctttccattcctggacctga,1,rapA,reverse,S,RegulonDB_sigma70
aatcaacgactgaatctcagcattaatcgcctgttccatcgcctgataatcccattcatcagggtctttatcgccgccata,0,genomic_fragment,NA,NA,ecoli_genome_random
ccatccaactctacatctgtcctggcggttgcgctcacgatacccttcccgcttatgctattacgcagttcgccagtcacg,0,genomic_fragment,NA,NA,ecoli_genome_random
tgaacaaaacatacacaaaaaatatagatctccgtcacatttttgcgttatacaggaagctcgccactgtgaaggaggtac,1,psiE,forward,S,RegulonDB_sigma70
tgcattcgctgccgcataccattattcttgatctgacggaagtctttttgtaacaattcaaacttctttgatgtaaacaaa,1,aroP,reverse,S,RegulonDB_sigma70
ataatgatcggcatcgggttgctctgactacgaagacgtcggcaaatcgacaagccatcttcaccaggtaacattaaatcc,0,genomic_fragment,NA,NA,ecoli_genome_random
gaacacaataaagatttaattcagccttcgtttaggttacctctgctaatatctttctcattgagatgaaaattaaggtaa,1,mgtS,forward,S,RegulonDB_sigma70
taccagtttccgctgggagaatggcaacggcatgttgacacaactcaaccgccagttcccgaccattagcctgttagatat,0,genomic_fragment,NA,NA,ecoli_genome_random
gcacacagcttttttcatcactgtcatcactctgtcatctttccagtagaaactaatgtcactgaaatggtgttttatagt,1,phoH,forward,S,RegulonDB_sigma70
tccgcgcctgcgccctgcgccataacatgcgcctgcttggaccaaacagtctgggtttactggctccctggcaaggtctga,0,genomic_fragment,NA,NA,ecoli_genome_random
gtgataagcgccattctgtagcatatgttttcatttttccgttaaaggccacaatttaagactggatatttgatatcatcc,0,genomic_fragment,NA,NA,ecoli_genome_random
ttcaaaaatgtttgtttttcacgcgctttacagcccgaaaaggccggaagatacttgcccgcaacgaagattccttcataa,1,adiA,reverse,S,RegulonDB_sigma70
aagtatttgacagcactgaatgtcaaaacaaaaccttcactcgcaactagaataactcccgctatcatcattaactttatt,1,micF,forward,S,RegulonDB_sigma70
tctaaaagaagttttttgcatggtattttcagagattatgaattgccgcattatagcctaataacgcgcatctttcatgac,1,icd,forward,S,RegulonDB_sigma70
aactactcattctaattggtaatttcattcgttctcttacgctccctatagtcgaaacatctgatggcaagaaaatagcgg,1,cysD,reverse,S,RegulonDB_sigma70
gctgagcagctgcgccgcgccacgtaaaccgccaagcggatttttaatctcatgtgccaggccgcgcactaaatcacgggc,0,genomic_fragment,NA,NA,ecoli_genome_random
cggatgcgaaaagcaggaggggttaaaatccagaccgagctgattggctttcgcccattcaacccagtttttgaagtgctc,0,genomic_fragment,NA,NA,ecoli_genome_random
gtggattgtagttttccatccccattttcggctccgttactgatgcgttacaacgatcaaacgcagggcatccagacgcca,0,genomic_fragment,NA,NA,ecoli_genome_random
tggcattcacaaatgcgcaggggtaaaacgtttcctgtagcaccgtgagttatactttgtataacttaaggaggtgcagat,1,chpS,forward,S,RegulonDB_sigma70
aacatgtttgcaacctttctttacgccgtttttgtgtgcattcacatggtatgatgaaagtgttcaaacaaatttctattg,1,cydA,forward,S,RegulonDB_sigma70
cattcacatgattagcaataaacgttgacaaaatgtggcgtggatcactataatgcctgcagattttacgtcccgtctcgg,1,metY,reverse,S,RegulonDB_sigma70
aatgggcatttctacacagataatgcgatgttcagattctgtagacttataatgatagataatgatccgtctacagcatga,1,rpoE,reverse,S,RegulonDB_sigma70
aagtctggctattccgtaatgccatcttatttcgtaatggattgagaatgctggatttttaattatattacgcgcagtatt,1,cobU,reverse,S,RegulonDB_sigma70
cgcggtagttatgattagattgttttcgcaacaaaaacattatggattattatgctgtggtaaatgactcattccacggca,1,leuO,forward,S,RegulonDB_sigma70
agccaggcgagatatgatctatatcaatttctcatctataatgctttgttagtatctcgtcgccgacttaataaagagaga,1,focA,reverse,S,RegulonDB_sigma70
accaatatcacttaaataagtgatagtcttaatactagtttttagactagtcattggagaacagatgattgatgtcttagg,0,genomic_fragment,NA,NA,ecoli_genome_random
ggcggcggtcgcggtatgcgcgtagtgcgcggcgacgctgaactggcacaatccatctccatgacccgtgcggaagcgaaa,0,genomic_fragment,NA,NA,ecoli_genome_random
actggagacgattcgtaaattcgctggatttttgactaaagtttctttaggatttgtctcatcgtatgattaattacacca,1,ymiA,forward,S,RegulonDB_sigma70
ttcgtcatggttcgcttcagatcgttgacagccgcactccatgacgggtaaaaagtggataaaataattttacccaccgga,1,intS,forward,S,RegulonDB_sigma70
tttttcatccctgccacaatggcccgttagcaacgtcgaataattattatgcgtgagaatttacgttatgtaattcagtat,0,genomic_fragment,NA,NA,ecoli_genome_random
ttgccgccgggtttgtgattttccgtattctggatatgtggaagccgtggccgatccgctggtttgatcgcaatgtgcatg,0,genomic_fragment,NA,NA,ecoli_genome_random
agtagcaaccgggcaaagattgaccagacaggagattataaccttgcatatattgatcaggcgggcagtgccaacgatgcc,1,csgA,forward,S,RegulonDB_sigma70
cggcgcgggatttgcacagcagccgctgttctcctcgaaaaacccagccagtccggcttacggtaaatataccgacgcgac,0,genomic_fragment,NA,NA,ecoli_genome_random
ttactggctgcgacagacggcgacttttatagaacaggcaaaagttctacaagaaccccctttgcaattaacacctatgta,1,dsbA,forward,S,RegulonDB_sigma70
aaagtccctttcaaaaaaggccgcggtgctttacaaagcagcagcaattgcagtaaaattccgcaccattttgaaataagc,1,rpsU,forward,C,RegulonDB_sigma70
cgagcgtccaaaaccgactgataaacgtttaaccatctatgcattgcttgactcgccgcgtgcgacaggtgcttacaaatt,0,genomic_fragment,NA,NA,ecoli_genome_random
gttttccttcatcatatttcaggctaaggtgatcgccttatcagtgaatggagagaagcatgaagccgtccgttatcctct,0,genomic_fragment,NA,NA,ecoli_genome_random
ggacagcttgtgaactcctacagccgcgacatcgacgtgatcgaaaaaagctacggcatggacaccgcccgtatgctcggc,0,genomic_fragment,NA,NA,ecoli_genome_random
atgcaaatttgcttcaacaaaaacctgtttattgtaaggattttgcggcgtaatatatacgtgggatcaatttgagttttt,1,cydA,forward,S,RegulonDB_sigma70
ttcgtaacaatttccttatctttaatttgtattttgctaagatttatcttatgctcacaagtcgtatttccagagggggat,1,gfcA,reverse,S,RegulonDB_sigma70
tggcaggatgtttacagacccaggcttgttacaggccaggtttatcttaaaattacggtaattcatgacgtactgatcgtc,1,mqsA,reverse,S,RegulonDB_sigma70
tgataaggttttgcgcgcgttctataacgtgtgtccgcaccgtggtcatcagttgttgagcggtgaaggaaaagcaaaaaa,0,genomic_fragment,NA,NA,ecoli_genome_random
aaaatgtcgttgcgcgcacagtacagcgcaacttattttgttaaaaacatgtaaatgattttttattgtgcgctcagtata,1,mhpR,reverse,S,RegulonDB_sigma70
gattgcctgaaagcattgcgcgccgaaaccaatattcagtatgaagggcgtcagggtgggacgctgcaactgttccgtacc,0,genomic_fragment,NA,NA,ecoli_genome_random
gtggtgccggaactggatatgtacgatcgcaattggccaattcgcacctacaatgaatcattaccgccagcgaaattcgtg,1,glgA,reverse,S,RegulonDB_sigma70
ttcatgccacatttgccatcaggggttgcctcagattctcagtatgttagggtagaaaaaagtgactatttccattgggta,1,proV,forward,S,RegulonDB_sigma70
cttgccaacatttctgatgattagcattcccttcgccatttccttgagcaaactttagctattcttatcaattatgcttat,1,csiE,forward,S,RegulonDB_sigma70
gccgtgagtaaattaaaattttattgacttaggtcactaaatactttaaccaatataggcatagcgcacagacagataaaa,1,thrL,forward,S,RegulonDB_sigma70
cgtgacaataaccgcttatgtctctatgcctgacaagacttatttcctatagtcaggctcattagcttcgtttattgcaac,1,feaR,reverse,S,RegulonDB_sigma70
tcttatcagtagaaataaaaaaacgtgaaattattatgccgccaggcgtagtatcgcagcaggtaagatgattcaggagat,1,idnK,forward,S,RegulonDB_sigma70
taaagtgtcagcctgtgtaaatcctctcgccaccctcccctgcattcagcaaaatcagactccacggacatgtaattttga,1,yqjA,forward,S,RegulonDB_sigma70
taatataaaaaatcccgccattaagttgacttttagcgcccatatctccagaatgccgccgtttgccagaaattcgtcggt,1,carA,forward,S,RegulonDB_sigma70
ctgcggattaagcgcaaatagcgtttgctgtgttattgacagttagcataaactaggtgtgacgttaactatatgtaaaca,1,tpx,reverse,S,RegulonDB_sigma70
aaaagagtcatcttgcctaagagtattggcaggatggtgagattgagcgacaatcgagttacaccgtcgcttaaagtgacg,1,chiX,forward,S,RegulonDB_sigma70
ggcaagacattggcagaaatgagcattgagagccagggcgctggcgatcacaatgaaaaacatcaggcagatcgttctctg,1,yqhD,forward,S,RegulonDB_sigma70
tatttaaacacgagtcctttgcacttgcttactttatcgataaatcctacttttttaatgcgatccaatcattttaaggag,1,gadB,reverse,S,RegulonDB_sigma70
cgatttgcgcaaacggcagacgagatacgcattgctgaccggggattcggttcgcgtcccgaatgtatccgctcacttgct,0,genomic_fragment,NA,NA,ecoli_genome_random
ttcttcgtgtattgactgtagcacttgtcaaaggcgtgcgttttgcgtaatattcgcgccctattgtgaatatttatagcg,1,rplU,reverse,S,RegulonDB_sigma70
cagacacataaaaaaacgtcatcgcttgcattagaaaggtttctggccgaccttataaccattaattacgaagcgcaaaaa,1,malT,forward,S,RegulonDB_sigma70
atgcggcactggaagcaggtgaagggcaggcggatacctggcaggatgcggtgcagttgatgacgctacactcggcgaaag,0,genomic_fragment,NA,NA,ecoli_genome_random
ggcgtgctgccgtgtgccgattgcgaaggaatcgaaacctctctgttcctcgaaaaagacggaacatgggtgatgaatgag,0,genomic_fragment,NA,NA,ecoli_genome_random
ggtactgattccggcgattatctggctctactggactggcgataccacctggggaacggtattgttagtgtggagcggtgt,0,genomic_fragment,NA,NA,ecoli_genome_random
cctatgaagacggttatcgcatttacaccaccatcacccgcaaagtgcagcaggccgcgcagcaggcggtacgtaataacg,0,genomic_fragment,NA,NA,ecoli_genome_random
ttacaaattctttgcacttccctgcactatccgacactgtcaccatccataattcaggcttatctgtttattacaataacc,1,ldtC,reverse,S,RegulonDB_sigma70
taagttttgaagattaattcagacgaaccggcatcccggagcggtttttaatcgcttcatcaagaacaacctggtcaacat,0,genomic_fragment,NA,NA,ecoli_genome_random
atgttcgttgcggtgatcacgccagcgctattaatctgccaggcgctgggtttaccggcacaagacacgcaacacattatt,0,genomic_fragment,NA,NA,ecoli_genome_random
gcataaaaagggttatccaaaggtcattgcaccaacatggtgcttaatgtttccattgaagcactatattggtgcaacatt,1,glnA,reverse,S,RegulonDB_sigma70
aaataaatcaaagtcagatcaatgcgttgtgtttatttaatggggatttacgatggcagggcagcatggggctgtaacggt,1,ibsC,reverse,S,RegulonDB_sigma70
aagaattgcgggataacgttccacacatgcgcctggctgttgacgatgtcggtcatgttgaatgaaccggcctgcgccacc,0,genomic_fragment,NA,NA,ecoli_genome_random
cctctggcgaaaaagggagaaggacgggcccgtctgccttcactttatgccagcttcggtaagctgggtgagacaccgact,0,genomic_fragment,NA,NA,ecoli_genome_random
aacttcggatttctatgaaaatattgacgtaattttgcttttctctcgttagaatagcgcgcacaaggaactgtgaaaaag,1,dgcZ,reverse,C,RegulonDB_sigma70
tgacgcttttttacataacgaagaattgaccattttgtcctgttgtgccttaatgtaagtaccgtccacagcgtgggacat,1,yfgG,forward,C,RegulonDB_sigma70
gactggaaagataatggtgacggaagctatacccagatcctgaccacaggagcgatgtctggcacgctgacgctgatgcca,0,genomic_fragment,NA,NA,ecoli_genome_random
cacgccccgctttctttcccgccgactaacatccttcccccgtccgttgtatagtgacctctctcttgcggttccatctgt,1,cutA,reverse,S,RegulonDB_sigma70
ccttaaggcattgtctgtaagcgccttgtaagacttcgcgaaaaagacgattctatcttcgtcgacagggagtcagacaac,1,csrB,reverse,C,RegulonDB_sigma70
gtacctgggcttccaccctatcgtgccctcgttactactaagtttgctggctttcctggtcggaaaccgtttcggtacatc,0,genomic_fragment,NA,NA,ecoli_genome_random
aagagcgccatttcccaccgtggtcaggcgttgaaactgctgctggacgctttacgtaatggttaaattacctccgctgag,0,genomic_fragment,NA,NA,ecoli_genome_random
cgactaaatcagtcaagtaaatagttgaccaatttactcgggaatgtcagacttgaccctgctatgcaatacccccacttt,1,iscR,reverse,S,RegulonDB_sigma70
gcgggcattcgtgttaaagcagacttgagaaatgagaagattggctttaaaatccgcgagcacactttgcgtcgcgtccca,1,infC,reverse,S,RegulonDB_sigma70
gcgcgtcaaagtcactggcaacccaggtacatttcacctgcatccgtttgcacatctcgttaccgagatcgatatcaaagc,0,genomic_fragment,NA,NA,ecoli_genome_random
taggtaagagcttagatcaggtgattgccctttgtttatgagggtgttgtaatccatgtcgttgttgcatttgtaagggca,1,ahpC,forward,S,RegulonDB_sigma70
agaaagtttcacatcagagacggtgaaagtggtgtagctcagcccatagccgaacggatacaacgccccgttagcttcatc,0,genomic_fragment,NA,NA,ecoli_genome_random
tcattcaataaaaagcctaactcacttttgattcattaaaaaagaaggctaaaatagaatgaatcatcaatccgcataaga,1,asnC,reverse,S,RegulonDB_sigma70
ctacacattcttgagatgtggtcattgtaaacggcaattttgtggattaaggtcgcggcagcggagcaacatatcttagtt,1,mdh,reverse,S,RegulonDB_sigma70
cgcattatcagttgggacgacattgtcagtaataaagcggcgtggaacgttttcttctggctggcctcgcttatcaccctc,0,genomic_fragment,NA,NA,ecoli_genome_random
caaactgcgtaaatcgatagccgatgaaagtaatgtcccgccgtacgtggtgtttaacgacgcaaccttgattgagatggc,0,genomic_fragment,NA,NA,ecoli_genome_random
ccatcggcgttaacccagttgccggtatcactggcgctacggtattgccctgcgggggtggttagttccgggtgatcccag,0,genomic_fragment,NA,NA,ecoli_genome_random
agatgtttttcaaaatatgacgtttcggcggaacaactttgccgacacgatgcatggtataaacgaattgagccacgttgg,0,genomic_fragment,NA,NA,ecoli_genome_random
gtgtcacgcttttaccaggcaattgtcgattgctctaaataaatcctctaaaccagcatattcatccaagaattacctttg,1,serA,reverse,S,RegulonDB_sigma70
gcgccgcaaataataaggagaatccaataatattcgtagcatctatggcgatataatacctgctgacaactaaaccaacga,1,treR,reverse,S,RegulonDB_sigma70
catcggcgcgttcgataaactctgccgaggctgccagtttgaaggtgccgccctcttgcagataacgactcaggtcggcaa,0,genomic_fragment,NA,NA,ecoli_genome_random
aaccaacgataaaccagactttacccattgctgaatgcacgggtaacgttaggctcaaataattaaacaacacgttacagg,1,treR,reverse,S,RegulonDB_sigma70
atttgcgtcatggtgatgagtatcacgaaaaaatgttaaacccttcggtaaagtgtctttttgcttcttctgactaaaccg,1,udp,forward,S,RegulonDB_sigma70
aaacttgatttcaaatatatcgatcactttttaacaaggcaatctgattgatgaatttcaaaagacataaaaatcaattgg,1,plaR,reverse,S,RegulonDB_sigma70
cagttctcgggcatctgtttcgctgatccagacaatcggtccaccgcgagagagcgtcagcattagcaggttttcactgta,0,genomic_fragment,NA,NA,ecoli_genome_random
ttcatacagtccaaaaccttgctcgttcaggctggcggaaggcaacatccccatcgagccagtgatcattgcgcactcgtc,0,genomic_fragment,NA,NA,ecoli_genome_random
gataagaatgttttagcaatctctttctgtcatgaatccatggcagtgaccatactaatggtgactgccattgatggaggg,1,aidB,forward,S,RegulonDB_sigma70
atgaaaaatccgcatgaccccatcgttgacaaccgccccgctcaccctttatttataaatgtactacctgcgctagcgcag,1,lysC,reverse,S,RegulonDB_sigma70
gaacaggaactctgttttgcgtgacgcctgcaaccgacttgcataagataaactaattgttcattgtttatgctcacttgt,0,genomic_fragment,NA,NA,ecoli_genome_random
tgtttttctttgccgcgaatatttacggttggtatgcgtggtcgcgacaaaccagtcagaacgaggcggagttgaaaattc,0,genomic_fragment,NA,NA,ecoli_genome_random
tgcaaaaaggttgtgtaaagcagtctcgcaaacgtttgctttccctgttagaattgcgccgaattttatttttctaccgca,1,purM,forward,S,RegulonDB_sigma70
cgacactgctcgcagaaataccccgccagcagaatgacatcatcgccccgctcacgcagcggcggcaccgaaagtggaaac,0,genomic_fragment,NA,NA,ecoli_genome_random
cgaagctaaagaaaaaagcgagcaactggaacagcaattacaggttctgttactgccaaaagatcctgatgacgaacgtaa,0,genomic_fragment,NA,NA,ecoli_genome_random
gaggcgctggtttgcaggcggcatacggcggaacagccagcggatatctttaataaagcccagatcgtacatgcgatcggc,0,genomic_fragment,NA,NA,ecoli_genome_random
taagcgcagatgtttcatgatttaccgggagttaaatagagcattggctattctttaagggtggctgaatacatgagtatt,1,glgB,reverse,S,RegulonDB_sigma70
gtatcgtgaacatcttttccagtgttcagtagggtgccttgcacggtaattatgtcactggttattaaccaatttttcctg,1,nlpD,reverse,S,RegulonDB_sigma70
atgttagcgcgcaaggtgagctgatcctcaacgaaaaactggctaaacagctggtaactgccgcgaactgggtaaaaatgc,0,genomic_fragment,NA,NA,ecoli_genome_random
caccagatccgggtggttcgaatagatcactttgttggtattcagatcaacaatcatcgcgctaccggaggcaatttccgg,0,genomic_fragment,NA,NA,ecoli_genome_random
ccacgcagaccgctgcgagcggactctttgcgcgatacgccataatagtattcgttctggttttcgctgttccactgcaca,0,genomic_fragment,NA,NA,ecoli_genome_random
gttacacgctgaaaccaaccactcacggaagtctgccattcccagggatatagttatttcaacggccccgcagtggggtta,1,asr,forward,S,RegulonDB_sigma70
gttgttccggcagtagcattaattcattatctgaatgaaatgtgtcaatccacagaaaccgctgtcaatgacgcattttgt,1,cobU,reverse,S,RegulonDB_sigma70
agacgcagtggcgttccataaaaccacgccccactacaaaacctgtgtcgcgaaactggaatctttaatgaccgggccgcg,0,genomic_fragment,NA,NA,ecoli_genome_random
gcagatcttgccattcaatcataatgctctccttttagatgtatgccttatactagccggaatattttttgaaacgtgatg,1,rbn,forward,S,RegulonDB_sigma70
ttaaaagcaggacgttagccgcaaaaagacggtctatgattaaaagctaagatttttactgaccacacccaggagaaacga,1,btuE,reverse,S,RegulonDB_sigma70
ttccgtcacacagataaattcatccgttgccaatctggcaacggatgttatcatattgccaatttgtcaacggacgtgatg,1,higB,reverse,S,RegulonDB_sigma70
atggataatttccacccgatgcgctttggtgaacgactgtggatctgccctagctggcgtgatgtgccggacgaaaacgcc,0,genomic_fragment,NA,NA,ecoli_genome_random
gtaaataaaaatgtacgaaatatggattgaaaactttactttatgtgttatcgttacgtcatcctcgctgaggatcaacta,1,aroF,reverse,S,RegulonDB_sigma70
cgtggggaaagtttttggaaaacaactgcaactgacctgcaataagaaggtcaaagctatatgaatccgcgctgaatggcg,1,sixA,reverse,S,RegulonDB_sigma70
gtttttgcaccagccgtgacagacgttgtcgtgactcctccagttgctcgacgaccaccgatagaaagtagaccgcccacg,0,genomic_fragment,NA,NA,ecoli_genome_random
caaaaaaagctcaaacatccttgatgcaaagcactatatatagactttaaaatgcgtcccaacccaatatgttgtattaat,1,nrdD,reverse,S,RegulonDB_sigma70
gcaaagcaggttttcctcccgcagctgtgtttgttgccacctgtctggtcgcgggcttcggctcgttgctgatgggattat,0,genomic_fragment,NA,NA,ecoli_genome_random
cgaaaaaactaaccaaaactttgaatgacacttttcggtttactgtggtagagtaaccgtgaagacaaaatttctctgaga,1,ssrS,forward,C,RegulonDB_sigma70
gggtcatgctgaagcgagacaccaggagacacaaagcgaaagctatgctaaaacagtcaggatgctacagtaatacattga,1,crp,forward,S,RegulonDB_sigma70
acagcatgaatcacgccgtgcccgtattcttcgcggcgcgctagcgcgtcgtaaacggttggcggaaaaattcattaatcc,0,genomic_fragment,NA,NA,ecoli_genome_random
agatcagaaaaccattatctttcgttttatttttatctcaccatgacgcagtatcaactgaaacaaaacgaaagattaata,1,kbaZ,forward,S,RegulonDB_sigma70
tggtgtaaatcccggttggctgtattgacgttttcacattctgttgacagattgtaggtcacgaggggcattttatggagg,1,dppA,reverse,C,RegulonDB_sigma70
cctcaattttcccttgctgaaaaattttccattgtctcccctgtaaagctgtgcttgtataaatattgttaaacacaaaac,1,ivbL,reverse,S,RegulonDB_sigma70
agttcgtctgccgaacggcgttctgcgtaccactggcgaacacgaagtgagcttccaggttcacagcgaagtattcgcgaa,0,genomic_fragment,NA,NA,ecoli_genome_random
cgtctatcctggcgaaagtgacgcgtgacgccgaaatggcggcgctggatattgttttcccgcaatatggttttgcccaac,0,genomic_fragment,NA,NA,ecoli_genome_random
caggaaaaactggtcaccatcgacaatattcagaagacggtggcggagtactacaagatcaaagtcgcggatctcctttcc,1,dnaN,reverse,S,RegulonDB_sigma70
gcgttataagtttgcgtcatggtttaagttagtaattcgagttgatcgtcagagatggtgcagaccaagaaaatcgacgat,0,genomic_fragment,NA,NA,ecoli_genome_random
tttgaattccttacattcctggctattgcacaactgaatttaaggctctattattacctcaacaaaccaccccaatataag,1,hns,reverse,C,RegulonDB_sigma70
gggtgccctggtggaacactttggtgatattcgaaagttttatcattgattatttattatcgtcattaagttagtcgtggc,0,genomic_fragment,NA,NA,ecoli_genome_random
tcagtagcattaacgcctacaaacaagccgtagtttccgctcaaagctcattagacgcgatggaagcgggctactcggtcg,0,genomic_fragment,NA,NA,ecoli_genome_random
ttagatgtaatgtgtttgtcattgcttactttttggcgttatatgatggataatgccgggatacagagagacccgactctt,1,csrA,reverse,S,RegulonDB_sigma70
gcccattttcctgtcagtaacgagaaggtcgcgaattcaggcgctttttagactggtcgtaatgaaattcagcaggatcac,1,rhaB,reverse,S,RegulonDB_sigma70
tcgatcaatccgtcgatcttctctcgctttcggaagagatgcccgcaaatgaagatctcctgaatgaagattcagcggcac,0,genomic_fragment,NA,NA,ecoli_genome_random
tgacggcacctttacaggcaaagccgggcgaggtcgtttcctgcgacgcaaaccgtttgtccctcccgtgctctaaccact,0,genomic_fragment,NA,NA,ecoli_genome_random
gcgatatcagccttgacgctctggaacgggaagtgatgaaagatgacattttctttcgcacgtccggcggcggcgtcacgc,0,genomic_fragment,NA,NA,ecoli_genome_random
ttaccacacgccgaaccgcttccgcgtatatgctaataaaattctaaatctcctatagttagtcaatgaccttttgcaccg,0,genomic_fragment,NA,NA,ecoli_genome_random
taattcccgccaaatagctttttatcacgcaaataatttgtggtgatctacactgatactctgttgcattattcgcctgaa,1,proV,forward,S,RegulonDB_sigma70
tgcgcccaacattgttgggattgatgggccgtagatatcggcgtccagaatgccgactttcgccccttctgccgccagcgc,1,metG,forward,S,RegulonDB_sigma70
ctgttgctggggatgggtctggacgaattctctatgagcgccatttctatcccgcgcattaagaagattatccgtaacacg,0,genomic_fragment,NA,NA,ecoli_genome_random
ttactcattgcgatgtgtgtcactgaatgataaaaccgatagccacaggaataatgtattacctgtggtcgcaatcgattg,1,serC,forward,S,RegulonDB_sigma70
gatggcgtggatctgatgggctacacaccgtggggctgcatcgactgcgtgtcgttcaccaccgggcagtacagcaaacgc,0,genomic_fragment,NA,NA,ecoli_genome_random
tctggctctttcgccgctcgtacaactacgccatcggtgacgaagggtaattccgctttccaccactcattgcgtacgcgc,0,genomic_fragment,NA,NA,ecoli_genome_random
tgaatgttcggcaatgaactgcaagcagctgggtaaccactttgatatccacggcggcggttcagacctgatgttcccgca,0,genomic_fragment,NA,NA,ecoli_genome_random
agaaaataacgtgcgcattcttccgtgatttcccccatgatgcaatgggaaacatgaaagaataacgcaggttttgtcgat,0,genomic_fragment,NA,NA,ecoli_genome_random
cgcctgattgttaaccaccgctaattgatatttgcttgctcttccccatattttcctgcttaccgccattcagctggtagt,0,genomic_fragment,NA,NA,ecoli_genome_random
atacccaatgctggttgagcatttgttgaaaaaattttcccccgttttgactaaaatgcgccaggattgatggaatcatta,1,yliM,forward,S,RegulonDB_sigma70
taagttccagttgtatgacatgaccagcgaccgtagcgtcaatttccgctaagtcatgggaaaggtgccagttttcgcact,0,genomic_fragment,NA,NA,ecoli_genome_random
tattgaaagttggatttatctgcgtgtgacattttcaatattggtgattaaagttttatttcaaaattaaagggcgtgata,1,fixA,forward,S,RegulonDB_sigma70
gccctgcgtcgcactctcaatcgtcaaacgcacgtctgatgtaatcaactccgccagcaactgataaaccttcatcgtttc,0,genomic_fragment,NA,NA,ecoli_genome_random
gatacaatgcgataaaattgcccttgcgaaggtcattcgctttggttagtattcacacccgcttcagtgggaaagattaaa,1,secG,reverse,S,RegulonDB_sigma70
taacgcactttgttgcgcaacatcaagactgttcatcggctcatcaagaagcagcaattggcctgcgggattggcttgtgg,0,genomic_fragment,NA,NA,ecoli_genome_random
atgacggttatttgccggggagacttctgcttcgaacggttgtgcaatagaatgcgtgtcagtcataactgctattctcca,1,symR,forward,S,RegulonDB_sigma70
gtctcctttatagtgtgcaatcacttcctcaagcgtttgcggctgttccggctttgttacccccatccacgcattaataag,0,genomic_fragment,NA,NA,ecoli_genome_random
tcgggtaaccctaaatccagtaccaccaggctgtaatgacctgcctcaaggctttgttccgccatccgcgcggttgtcacg,0,genomic_fragment,NA,NA,ecoli_genome_random
tggggtgatatatagtgattcagcagctttgctaatgcttaaatgctggtaaatacactcaaatatgacaagaagatttaa,0,genomic_fragment,NA,NA,ecoli_genome_random
gttgctgtgttgttaaattgtacaaagatgttatagaaacaaaatgtaacatctctatggacacgcacacggataacaact,1,cstA,forward,S,RegulonDB_sigma70
gcacgggcgacatctggcaggcttcattcacgcctgctattcccgtcagcctgagcttgccgcgaagctgatgaaagatgt,0,genomic_fragment,NA,NA,ecoli_genome_random
ttcagccttcttcagggctgactgtttgcataaaaattcatctgtatgcacaataatgttgtatcaaccaccatatcgggt,1,argR,forward,S,RegulonDB_sigma70
actgcaatgagacgacgctgcccatctacagccgaagcaatgagattaaacccggcaccagaagtatgacccgttttcagg,0,genomic_fragment,NA,NA,ecoli_genome_random
gggagtgcgtatgtttccagaataccgagatttaatatcccgtctgaaaaacgaaaatcctcgctttatgtccttgttcga,0,genomic_fragment,NA,NA,ecoli_genome_random
tacctgcagcgttagccagtgtgaaaggctgggtcagcgcgaaattgcaataatataagcgtcaggcaatgccgtggactc,1,csrA,reverse,S,RegulonDB_sigma70
gcaggcggaacaccggaagaaaaccgtgacattttaacacgtttgttacaaggtaaaggcgacgccgcccatgaagcagcc,1,trpC,reverse,S,RegulonDB_sigma70
gttttcgccagttcgatcacttcatcaccgcgtccgctgatgattgcgcgcagcatatacaggctgaaacctttggcctgt,0,genomic_fragment,NA,NA,ecoli_genome_random
gtatagtcagaatttttactgctaccagccaccaggtggccagtcagaagttgtgttacccaataaggaacgactctcttt,0,genomic_fragment,NA,NA,ecoli_genome_random
taaccttgatggagataacccctttcgtcgcacgcgacttggttgggtattccgccactgcggtacgtttaccgtaaccgt,0,genomic_fragment,NA,NA,ecoli_genome_random
tgcccctcggcagcgtcccaccgcctatgcgttggctgcactgttcatgctgttgctgtccaacttgtttccttttgtgaa,0,genomic_fragment,NA,NA,ecoli_genome_random
tccaagtaacaggaatttaatcatgtttacagtaatgtaaccttcccgtaaaatgcccacacactttaaacgccaccagat,1,cyoA,reverse,S,RegulonDB_sigma70
ggcgcgctttaaagcctccagtgcggtgtttaaatctttgtgggatcagggcattatcttacgtgatcagaataaacaacc,1,hisB,forward,S,RegulonDB_sigma70
aaaaatgaaatttgaactggacaccaccgacggtcgcgcacgccgtggccgcctggtctttgatcgtggcgtagtggaaac,0,genomic_fragment,NA,NA,ecoli_genome_random
tgtcatttgtagcacaagtaagtgtcagcagtggtgcttcacacttgcccggtaattaacgacgaaagaaaagtaaggtgg,1,aroM,forward,S,RegulonDB_sigma70
ttaataaaactgtaatagagtgactgtccatccacatagggaccaaatgtgcgggtatcatcaccatgacccggcggctca,0,genomic_fragment,NA,NA,ecoli_genome_random
tcgcccgccgactacgctctgcatttgccgaaaaggggattgttgtcgcagcataaccccgattaataaagaatgaaaaaa,1,nei,forward,S,RegulonDB_sigma70
ctgatgcatctccggatcgcgttgctgctctttgttcttggtcgagctgggtgcctcaatgatggtggcatcgaccaaggt,0,genomic_fragment,NA,NA,ecoli_genome_random
ccggcacgtagccgggcaattttgcaattaactcgccgtttcaggcttaaacacaatttcctgtttttcttcatcttcctc,0,genomic_fragment,NA,NA,ecoli_genome_random
gtggccgttattttatctcttggcggtaagtttattcactttatggaaccgttatcgcgtgtttcatggtttgtcggcgtc,1,allB,forward,S,RegulonDB_sigma70
cctggtgcacattcgggcatgttttgattgtagccgaaaacacccttcctatactgagcgcacaataaaaaatcatttaca,1,mhpA,forward,S,RegulonDB_sigma70
gaacataggcttcgatttattgcgctatctctgtggcaggattgtgaataaagtgtcaacaagcaacggggcatcgcccat,1,azoR,reverse,S,RegulonDB_sigma70
cttatgcggtagaaagttggcctaaaaatcttcaatctaaagctagtgcttttttggtaagtggtttttctgttggaaata,0,genomic_fragment,NA,NA,ecoli_genome_random
tttataaaaaataaatctcgacaattggattcaccacgtttattagttgtatgatgcaactagttggattattaaaataat,1,arcA,reverse,S,RegulonDB_sigma70
gataacgatcttctttctttagcacgctttttagcaattaatcttgatggaattctgatgagagcgaaagaggtaagccag,0,genomic_fragment,NA,NA,ecoli_genome_random
gaaattaccggctggacggaaagcgccggacgtcagcgtgtactcacccaattcccaggtaaacgcatctttgttgcctcg,0,genomic_fragment,NA,NA,ecoli_genome_random
actgccgtctcacacgctgaagaaacgcgctatgtttccgacgaactgaatacctgggtccgcagcggtccgggagatcat,0,genomic_fragment,NA,NA,ecoli_genome_random
aataacataagagaatgcgatggcttgcaaaagtaattcattgcctgaataatataaattatatataaatcttatttatgt,1,sdiA,reverse,S,RegulonDB_sigma70
gcccgcaatcccgatgcgaacgtcatacagtgcaaaccaatttcccgctgctggatcaaacatcgctggctggcatagaga,0,genomic_fragment,NA,NA,ecoli_genome_random
cttgtggcaacaatttctacaaaacacttgatactgtatgagcatacagtataattgcttcaacagaacatattgactatc,1,recA,reverse,S,RegulonDB_sigma70
gccgggttttctcgtttttggtcacttactcatcaactcatttcatttgttatatgaatgtttcttaccaccctcacgcga,0,genomic_fragment,NA,NA,ecoli_genome_random
tgggctctctattttaggattaattaaaaaaatagagaaattgctgtaagttgtgggattcagccgatttattatcaattt,1,ilvI,forward,S,RegulonDB_sigma70
gcggcgttaacgccttatccggcctacaaaatcgtgcaaattcaatacattgcagaattttcgtaggcctgataagcggag,0,genomic_fragment,NA,NA,ecoli_genome_random
cttatacacttaaggcatggatggatattgcttctgatattgtccggctggacaatgttaccgataacagttacccgtaac,1,gntK,reverse,S,RegulonDB_sigma70
cttatgcgcttggtttaaactggtctaactccattctgggtggtttcaacatcagtggctataaaacatatagttacgacg,0,genomic_fragment,NA,NA,ecoli_genome_random
agaaaaccaaaagcgtggtcgccccttgcaatatcagaatcgcggcaccattaagtacgtatggaccaccaacggcccgga,1,rapA,reverse,S,RegulonDB_sigma70
gattccactaatttattccatgtcacacttttcgcatctttgttatgctatggttatttcataccataagcctaatggagc,1,galE,reverse,C,RegulonDB_sigma70
acactttcattgttttaccgttgctctgattaattgacgctaaagtcagtaaagttaatctcgtcaacacggcacgctact,1,spy,reverse,S,RegulonDB_sigma70
tatcactttttagtaaagttacactggacaaagcgtaccacaattggtgtactggtaaccgacacagcatttgtgtctatt,1,cspE,forward,S,RegulonDB_sigma70
cgggctaagcactgggctggtgacaatttgctggcaacgttgttgcagtgcattttcatgagaagtgggcatcttcttttc,0,genomic_fragment,NA,NA,ecoli_genome_random
tattgtcgtttttgtgatcgttatctcgatatttaaaaacaaataatttcattatattttgaaatcgaaaacaaacgacag,1,gatY,reverse,S,RegulonDB_sigma70
gagtgagatcggtttcatttaaagtaacggtatcgccacctttatatactgtttcttcatgcagcatccaccatgcaaccg,0,genomic_fragment,NA,NA,ecoli_genome_random
cagaaaaaaagatcaaaaaaatacttgtgcaaaaaattgggatccctataatgcgcctccgttgagacgacaacgtgaaac,1,rrsD,reverse,S,RegulonDB_sigma70
acccgcctggtttattaatttcttgaccttccccttgctggaaggtttaacctttatcacagccagtcaaaactgtcttaa,1,copA,reverse,S,RegulonDB_sigma70
gtcgcactttcgcctcttcactgctgctaaaactgctgtcagcaagcaaaaagaatgttcccccggcaggcggcgcatagt,0,genomic_fragment,NA,NA,ecoli_genome_random
tgttccgtggccgtaaatgcaggtgtttcacagcgcttgctatcgcggcaatatcgccagtggtgctgtcgtgatgcggtc,0,genomic_fragment,NA,NA,ecoli_genome_random
tacgctcccatattgacgtagccgctgcctgccagactgaactgcgcattgttttgaaactgcgtgggatcagctgcgaaa,0,genomic_fragment,NA,NA,ecoli_genome_random
atcatcaacaatgcgtgtggatgccatttcgcagacggcgcgaaaatggtactttaaagggctattgcggtaagttgacca,1,lapA,forward,S,RegulonDB_sigma70
tgcgccaactgtgatagtgtcatcattttcaaagcgtaaaattgtggcattcttcactgttctataagtaagacgtttatt,1,cpdB,reverse,S,RegulonDB_sigma70
atccttgcacctctatgtaaagggctgaagggattcggatgtgatggtatgattacagacattcgtgtctgagattgtctc,1,rfaD,forward,S,RegulonDB_sigma70
gtggcctgttttatattcaggaagccagttcaatgttgcctgttgccgccttgtttgctgacggtaatgcaccacagcggg,0,genomic_fragment,NA,NA,ecoli_genome_random
aaaatcgaatacccaccatttttaacgtttcaaagttgcaataaaaaccgctaatatacgaatgactaactatcagtagcg,1,uvrY,reverse,S,RegulonDB_sigma70
caactgcttgccatgttcgtaaaccagtgcgccgttttccgcgacaaaagagatctcatcctttagctcaggaaagaatga,0,genomic_fragment,NA,NA,ecoli_genome_random
gggcatcaaaaagagataaattgttctcgatcaaattggctgaaaggcggtaatttagctataaattgatcaccgtcgaaa,1,cydA,forward,S,RegulonDB_sigma70
cttcgcccggtgcctgtacctgttgacgccagaactgagtacggcgttcggcgttaccgtaagcgccctctttctctaccc,0,genomic_fragment,NA,NA,ecoli_genome_random
cattgtgttttatttctcacattgatgacggtcgcatgaaaaaatgatattttaatgagcattctgaaaaaatatcgatgc,1,yfiR,forward,S,RegulonDB_sigma70
ttcgtcgttaccaaacagcaccgacagccagccaccctgtttgtagtaaagaaactccaccacttccggcaggtagttcac,0,genomic_fragment,NA,NA,ecoli_genome_random
gatccctcgtcgtgccatggaatacggcgcggagaacgcacgtctgatcgactgccgcaaacaactggtggccgaaggtat,0,genomic_fragment,NA,NA,ecoli_genome_random
tggcaaatattctgaaatgagctgttgacaattaatcatcgaactagttaactagtacgcaagttcacgtaaaaagggtat,1,trpL,reverse,S,RegulonDB_sigma70
taggaaatttttattaaatcgactgcattcttagacgcgtttttggcatagattgatagcaggggattttcttcttaattt,1,hdeD,forward,S,RegulonDB_sigma70
tgacaattttgtcatttttctgtcaccggaaaatcagagcctggcgagtaaagttggcggcataaaatcaccagaaattat,1,cusC,forward,S,RegulonDB_sigma70
gtggactggcaggacaatggtctggaaggcaagctggatctggtggttacgctggacttccgtctgtcgagcacctgtctc,0,genomic_fragment,NA,NA,ecoli_genome_random
aaacggcaatacgccacgcgcacgttgctgacgaaaacagccatttgcagtatactcccgccctaatttctttaactggtg,1,argS,forward,S,RegulonDB_sigma70
attgtaatttttcgtaataatgcgatgaaaacctgcaaagagtggcttatagttaagctaacaaacgagagggcaagtcca,1,tomB,reverse,S,RegulonDB_sigma70
gcggtcaccgtattcgataataaatgggtctggaaaaagtgcagcatctggcagcgtaatgcaggtagcccagttcaactc,0,genomic_fragment,NA,NA,ecoli_genome_random
cggtgtgttggccgtactggaatttacgaacgatcggattaagcaatgtaatatcctttctctttcttagacagtacctta,1,sraG,forward,S,RegulonDB_sigma70
aatcataaacagcggctttttcgccataaacgtgcaaagtgcatgttcaaactgcggcacgccatagagatcgacaaaaaa,0,genomic_fragment,NA,NA,ecoli_genome_random
cccaggcgtccacgaccagtttttccaccgccacttgctgactcattaaccctttctgaaactgcgggatatcgccgacca,0,genomic_fragment,NA,NA,ecoli_genome_random
tactcggtgaagaaattttaccgtcaatacgtattcaaccgtccggaaccttctatgattatgaggcgaagtatctctctg,1,ftsQ,forward,S,RegulonDB_sigma70
gcctgcggaaggaaattaatccgctttgggaaggcatttacaggaggtaacatgaaaaaacgctttatttatcacgatgaa,0,genomic_fragment,NA,NA,ecoli_genome_random
atctgctggtaatagtcgtcaagatttcgtggtgcgactttccagtagtaggggttgatggcgacgataccatcagcgccg,0,genomic_fragment,NA,NA,ecoli_genome_random
tatttttaattaaaatggaaattgtttttgattttgcattttaaatgagtagtcttagttgtgctgaacgaaaagagcaca,1,aceB,forward,S,RegulonDB_sigma70
tcgcaagaaaacgttttcgcgaggttgatgcggtgctttcctggctgttagaatacgccccgtcgcgcctgactgggacag,1,prs,reverse,S,RegulonDB_sigma70
attatccggtggcaaccagcaaaaaatcctcattgccaaatgcttggaagcttcgccgcaagtattgattgtcgatgagcc,0,genomic_fragment,NA,NA,ecoli_genome_random
gatcgcaataaacggagtttttggttgtcggcagcccgcagtgcgttgtttaatcagattgttgctgagcgcctcaaaaaa,1,umpG,reverse,S,RegulonDB_sigma70
catatttatgctgtttccgacctgacacctgcgtgagttgttcacgtattttttcactatgtcttactctctgctggcagg,1,araE,reverse,S,RegulonDB_sigma70
tgatgagaagagacaagcccttttctggtccaccagggcccaaagtggtagcatatcatgaatattcctccctttgacgac,1,ygfB,reverse,S,RegulonDB_sigma70
taaacgtcatttattctcttgagtcgtcgaaatcgtcgctaagataattatactcaacggattcacctctcagattttgtt,1,pepA,reverse,S,RegulonDB_sigma70
cttcccacggcgcgccattacgctattgcaaatgcaaatagttatcaataatattatcaatatatttctgcaatcaatgaa,1,fes,forward,S,RegulonDB_sigma70
aacatggtttggtcagcatagcatcatgttgtgcggataaacacctgctattttaatatttgttacagttgctaaacacgc,1,rseD,reverse,S,RegulonDB_sigma70
tattgtcagcgcgtcttttcaaccttatttatggctaacattatccggcttttgcttcggagctaaccgtgattcagacct,0,genomic_fragment,NA,NA,ecoli_genome_random
aaatggcgcttcgtgtttaagaactttatcgatcacatccagtacgccttcacggttattggagcctgcgcggtattttgc,0,genomic_fragment,NA,NA,ecoli_genome_random
cagataaggcgcggtcgttgccgtatctggtgtttgtgcatgcgcctctgttgtaacggttaatgcagaacataagagaaa,0,genomic_fragment,NA,NA,ecoli_genome_random
tttttattgttgcatttgtgttgcaataaacgaagctaatgagcctgactataggaaataagtcttgtcaggcatagagac,1,feaB,forward,S,RegulonDB_sigma70
tggcgtaagaaaatagtaaacccacagacttgctcccgttagcaggacaaaaacggtaattccattaaatccgcgtgcgta,0,genomic_fragment,NA,NA,ecoli_genome_random
tcatctcgttgattccctttgtctgtttgataatgcgcacattgggtataacgtgatcatatcaacagaatcaataatgtt,1,ompR,reverse,S,RegulonDB_sigma70
cggaatggcacaaatctgtcaatttttcctggaactggcgttttcagttatgattgtgggacttatcaaaaaggagaggcc,1,pgpB,forward,S,RegulonDB_sigma70
aggggctggagacagttatccactattcctgtggataaccatgtgtattagagttagaaaacacgaggcaagcgagagaat,1,uvrB,forward,S,RegulonDB_sigma70
tagcacgagaaagcacagctaaatcataagccgagctatgctggccaggtgcatccagaccatgcactgtttcaaaatgcg,0,genomic_fragment,NA,NA,ecoli_genome_random
ttgtggcactgatcgctatcgccacctggctgctgcacaatcaggaagttgcgcgtatggcgctgggcgttgttgccttcg,0,genomic_fragment,NA,NA,ecoli_genome_random
atgcacttacaattgattaaagacaacattcacagtgtggttatttgttacacataggggcgagcaatgtcatgacagtgt,1,nrfA,forward,S,RegulonDB_sigma70
acaattcgagctttattaacagattccgcgaatgaatagttttactggtatactgcgtgtcttgcgctttgttgcggtgcc,1,hpt,forward,S,RegulonDB_sigma70
ccggttgagcaaactaccgcagctgatttgccgttgacgttggcaatcgcccgcgaggtcggaaatttactgctgacggac,0,genomic_fragment,NA,NA,ecoli_genome_random
agttacatttagttacatgtttaacacttgatttaagatttgtaatggctagattgaaatcagatgtaatccattagtttt,1,csgD,reverse,S,RegulonDB_sigma70
aaaaccccgacatttgccggggttgtgagcataacgtaatgcttattttaccggacgcatcgccgggaacagaataacgtc,0,genomic_fragment,NA,NA,ecoli_genome_random
tcttttatcaatttgggttgttatcaaatcgttacgcgatgtttgtgttatctttaatattcaccctgaagagaatcaggg,1,acnA,forward,S,RegulonDB_sigma70
attttaaagacaagtcggatttgttcagtgagatctgggaactgtcagaatccaatattggtgaactagagcttgagtatc,0,genomic_fragment,NA,NA,ecoli_genome_random
ttaaatgcagatgagttaggtttggattttgatggtatgtgtaatgttatcattggattatcagagagcgacttttataaa,1,mqsA,reverse,S,RegulonDB_sigma70
gttacgccgatcgcctggctggcctgccagtcggcgtaccatgcccatgccgtaaggaaggcgtcaccattgccatcttca,0,genomic_fragment,NA,NA,ecoli_genome_random
aacgtgctgttacttgccggaaaacgaccctataatccgagtaattcattctttatttcagggtcgattatgtcagctacg,1,frlR,forward,S,RegulonDB_sigma70
ttccaggcctgtttcaaataattatttgcagtgcaactaattccatgtatattactacccatatatagcgtctataaaatt,1,cbpA,reverse,S,RegulonDB_sigma70
aatgcgatggcttgcaaaagtaattcattgcctgaataatataaattatatataaatcttatttatgtgatagtttgaatt,1,sdiA,reverse,S,RegulonDB_sigma70
ctgggtatcgcttttcatccgcgagttatccagtaaaccaactttatttttgtagttgcgaatattggaaattaacgagtt,0,genomic_fragment,NA,NA,ecoli_genome_random
gtgagggcgaagcgaagcactctccggtcggcaagatgtttattcagccgaaagtcacgctggaaaacggcgacgtgacgc,0,genomic_fragment,NA,NA,ecoli_genome_random
gcacccaggatatcaaccagtcctgctttgttgatatcgcgatggataatcttggcgcccagttttattgccgacagcaaa,0,genomic_fragment,NA,NA,ecoli_genome_random
gaaagctaagaaataaacctaccattgaaattaaaacttatcagatttagcatgtgaatcaatttagaaggtcacaagacg,1,yhjR,reverse,S,RegulonDB_sigma70
aactaaccttttaggtgctttttcattgctgtaattaaccttttaggttataactaaagtaacagggaggcgggggttatg,1,mqsR,reverse,S,RegulonDB_sigma70
aatcgcgttgggtgagacatattaaccttgccgcgtcagacagattcgcgtaaaactgtcagccgctctaatggccaccaa,1,rnb,reverse,S,RegulonDB_sigma70
ggctgcgcgttgttccgaccacacggcgtttatgtacctgggcgaattgattgagttcagcaacacggacgatctgttcac,1,phoU,reverse,S,RegulonDB_sigma70
tttatgtgatttgtatcacataaagattgatttttgtgatggttgtcatattataagcgcaaagacaataacacctgtata,1,azuR,reverse,S,RegulonDB_sigma70
aagaagtttagatgtccagatgtattgacgtccattaacacaatgtttactctggtgcctgacatttcaccgacaaagccc,1,metB,forward,S,RegulonDB_sigma70
cactatgactaacagagtccattcttaagccgctgatttctaatgttgaattcaaagcgtgatgttgccttaattgtgccc,0,genomic_fragment,NA,NA,ecoli_genome_random
cgctgaaagcctggcgtcggctacaaatcggtcagttgacggtgaaagtgcagccgctggcgaaaccgtcagaagacgagt,0,genomic_fragment,NA,NA,ecoli_genome_random
ttttttcttgaccagaaaagaatctgtcattcttaatgaagtactcaatagatttgttgatgctttaacaaatgaagttcg,0,genomic_fragment,NA,NA,ecoli_genome_random
acatttctgtaccaataagcttgccatttgacctgtatcagctttcccgataagttggaaatccgctggaagctttctgga,1,gltB,forward,S,RegulonDB_sigma70
tcctaaacgaaatccatgtgtgaagttgatcacaaatttaaacactggtagggtaaaaaggtcattaactgcccaattcag,1,proP,forward,S,RegulonDB_sigma70
ttagccatttcaaacattatcatggctgatattttccgtagtcaggtttaatgttttaaaagtgctgtgggaaagtgaaca,1,gadE,forward,S,RegulonDB_sigma70
agaatcagatctctaccattttgagcgcgacgatttctggttcccgccgggagatatcaacgggcgagaacatcatctgca,0,genomic_fragment,NA,NA,ecoli_genome_random
ttgcgcgctaaagcacagatttgcgctttaccttaccgggcggcactgcaatccctgaaatgattgacattgatcacattt,0,genomic_fragment,NA,NA,ecoli_genome_random
tgggtaatactttatcaggtgccgtattcatgggattgggttattggtatgctacgccgaaagcgaatcgtccggttgcgg,1,cysG,forward,C,RegulonDB_sigma70
tttacagcccgcacggcgtgcgtcctgtagagataattcgccattggcgaagcgtgcgccaatggtttgcaccttgccgtt,0,genomic_fragment,NA,NA,ecoli_genome_random
tacgtcaggggctgggtcagtcgaaaaacgtggtgatggtacgcgcaatgcgggcgatgggcgtcgactacgctgcagaat,0,genomic_fragment,NA,NA,ecoli_genome_random
ccataagattagcggatcctacctgacgctttttatcgcaactctctactgtttctccatacccgtttttttggatggagt,1,araB,reverse,S,RegulonDB_sigma70
atttctaattatcagcgtttttggctggcggcgtagcgatgcgctggttactctgaaaacggtctatgcaaattaacaaaa,1,dapB,forward,S,RegulonDB_sigma70
cgagttgtcgcgcccgtgaccgtaaagatcgcgcggcaggggaattttcggatgcggtaatccagtttgcccttcctgttg,0,genomic_fragment,NA,NA,ecoli_genome_random
tggcgaaagctacggccgcactgctgaccgagaaactgcgccatgcctgcggagctgccgtcgagtgtgtcatttccgata,0,genomic_fragment,NA,NA,ecoli_genome_random
ttttgtctccctttgataccgaacaataattactcctcacttacacgtaatactactttcgagtgaaaatctacctatctc,1,dmsA,forward,S,RegulonDB_sigma70
aaaggcgcgaataacttagcaatgtattcttatttcattttttgaataagcatgtggcgaaaacagatttttatttatata,0,genomic_fragment,NA,NA,ecoli_genome_random
acccaccggcacgccgacgaacggtgtcagcgcgacactggcagcaccggctgcgccacctcccgtcagcagtgcggcaac,0,genomic_fragment,NA,NA,ecoli_genome_random
cgcaaaacaagccgacagctcaatgctgtttcctcttctttacgctgaacagtgaggatttcgataatatcgtgttggttt,0,genomic_fragment,NA,NA,ecoli_genome_random
tgggaatgctcaacctggaagccggaggttttctgcagattcgcctgccatgatgaagttattcaagcaagccaggagatc,1,melA,forward,S,RegulonDB_sigma70
actgtataaataaacagtaatatttggacaaaacgcaaactgtgatcgatactcaactatgcactaaatacgtcaaaattc,1,istR,reverse,S,RegulonDB_sigma70
atcgccccagccggggcgattcaatttgctaaaccatgtcgattacggataatgaacagcattgcttatcagagatatgcc,1,mfd,reverse,S,RegulonDB_sigma70
atacatataataatttaatcttaaatgaaatttattaaaatttgcaaactataattttgtgtataaaaatataaatgcaca,1,appY,forward,S,RegulonDB_sigma70
gcattatagcctaataacgcgcatctttcatgacggcaaacaatagggtagtattgacaagccaattacaaatcattaaca,1,icd,forward,S,RegulonDB_sigma70
cggtggggcgtaggggcaaggaggatggaaagaggttgccgtataaagaaactagagtccgtttaggtgttttcacgagca,1,malE,reverse,S,RegulonDB_sigma70
aagcctgcgaccattgaccagcacggtacaggctccgcactgtccgtgatcgcaacctttcttggtaccgatcaaatgcag,0,genomic_fragment,NA,NA,ecoli_genome_random
atagtaccaaatgggaaaatgttaagtaagtacttctctatattcttcaggtaaactatcagctgatggtttatctataca,1,mrp,reverse,S,RegulonDB_sigma70
tctcgcttcgtacatggcaggcctattgacgctgttgttttttcaacctagagtaaaggaacaagggtaagggaggatttc,1,sibE,reverse,S,RegulonDB_sigma70
gcgtgatgacgaggcactacggtgctgaagcaacaaatgccctgcttccaggaaaagcctctaagcatcaggtaacatcaa,0,genomic_fragment,NA,NA,ecoli_genome_random
tggatatcatcttttatcacccaacgttcgatacccaatggtggattgaggcactgcgcaaagctattcctcaggcaagag,0,genomic_fragment,NA,NA,ecoli_genome_random
gctaaaaagtaaccaataaatggtatttaaaatgcaaattatcaggcgtaccctgaaacggctggaataaaccgttttcag,1,yeaR,reverse,S,RegulonDB_sigma70
tatcagtaactggagatgctcatgaaatggtgcaaacgtgggtatgtattggcggcaatattggcgctcgcaagtgcgacg,0,genomic_fragment,NA,NA,ecoli_genome_random
acacctcgccaccctgagcgtctttatcgggtatggcgtcacgcgtaaactcgcggatatccggcgcaccgggggagtgat,0,genomic_fragment,NA,NA,ecoli_genome_random
cgtatcggattttatcaggtacagtgtgacgctttcgtcaatctggcaatagatttgcttgacattcgaccaaaattccgt,1,topA,forward,S,RegulonDB_sigma70
ctgatgaattgaagattcatctggttgaatatgtgccgattgcgcggtggaatgatcaacatatggtagacgcggaaggaa,1,ftsA,forward,S,RegulonDB_sigma70
gtatctgccggtatcaccgacattaacattgaagacgaccagggcattcacgtccgcctgatagttcgtgatgccgaaggt,0,genomic_fragment,NA,NA,ecoli_genome_random
gaagtcaacctgttgctgcaaaaagcagcacaaggtgcatttcatggtatagttgactatacggaattgccgttggtctct,1,pgk,reverse,S,RegulonDB_sigma70
ttgcataagaccaccaccgttttccccatcagctcttcttcgctgtagtacggcaccaggctggtcacggtttgcagcgtt,0,genomic_fragment,NA,NA,ecoli_genome_random
agcccgtaacgtcggtcatcgcttttacgccttcgatgttggcaaaggacgcgcctgcgatgttcatccggcacatcactt,0,genomic_fragment,NA,NA,ecoli_genome_random
aatgtcccgccgctctattacgccattttacctgtgatgccgttaatcctgatgctcggctcgctgttcctcgcccacgtc,0,genomic_fragment,NA,NA,ecoli_genome_random
ttgtagttcctgtcttcaatgaagaagaagcgataccaattttttataaaacggtacgtgaattcgaagaattgaagtcat,0,genomic_fragment,NA,NA,ecoli_genome_random
caacattctcaaatgcgtcatgctgagctatgattagccgctatttttttgtcctgaatgatgtttgacactaccgaggtg,1,pcnB,reverse,S,RegulonDB_sigma70
aatccagcgctttgttgatacgctcgatactgcgggtcttaccaattgcgtgaacggtaacatccagtgctggagactgcc,0,genomic_fragment,NA,NA,ecoli_genome_random
aagcgaacagtaatcgtacagggtagtacaaataaaaaaggcacgtcagatgacgtgccttttttcttgtgagcagtaact,1,dcuA,reverse,S,RegulonDB_sigma70
aatggcggtaatttgtttttcattgttgacacacctctggtcatgatagtatcaatattcatgcagtatttatgaataaaa,1,argC,forward,S,RegulonDB_sigma70
agaaggtgttgaatttgagtatgatgaagaggacgaatttgccggtattaagaacacatatcctgatgaaatgctgaaaga,0,genomic_fragment,NA,NA,ecoli_genome_random
cccgatagcaagggatttatctggcttgcaaatgataaaaattatcatatgatattggttatcattatcaatgaaagagat,1,yjjZ,forward,S,RegulonDB_sigma70
actggaactgtatcagggcacgctgatctttgtttcacacgaccgtgagttcgtaagctccctggcgacccgcattctgga,0,genomic_fragment,NA,NA,ecoli_genome_random
atgatcgccaatataggcttcgccctgcgaagtcagacgtaccgctgttccgccggtgtgatcaccataataacgaccatt,0,genomic_fragment,NA,NA,ecoli_genome_random
tcgcaaaacagaccgtgttgcgcaatttgtcaacgaaaacaataatgcgtaaggtagaaacccgaactacattgaggaatc,1,gltX,reverse,S,RegulonDB_sigma70
gcaaaccgattttaggcgtggtgtatgcgccggtaatgaacgtaatgtacagcgcggcagaaggcaaagcgtggaaagaag,0,genomic_fragment,NA,NA,ecoli_genome_random
gccgccagcagccgcgccctctttatatttccagtgcgcagcaacacccaactctgcatcttcatgcatctgtttggtgcg,0,genomic_fragment,NA,NA,ecoli_genome_random
acttgtctctcccagccaggtctgaccaccgggcaacttttagagcactatcgtggtacaaataatgctgccacccttgaa,1,rpoD,forward,S,RegulonDB_sigma70
cgccaaacccaccagctgatgattaacagcaagcagttgcaggcgaatattgaggtgcagaaaatcgccctcgcgaaagca,0,genomic_fragment,NA,NA,ecoli_genome_random
ttagtgcctcctttctctcccatcccttccccctccgtcagatgaactaaacttgttaccgttatcacattcaggagatgg,1,poxB,reverse,C,RegulonDB_sigma70
gcttgctgattcatgcagcgccatccagccattgattgtcggtgataacagccgtgcgttacaactggcagaaaaactgcg,0,genomic_fragment,NA,NA,ecoli_genome_random
gttgagtttttccgccagcccgacgcgcagtttaccggtgcctgggtgcagtacatcagcatggggcaaattctttccatc,1,thyA,reverse,S,RegulonDB_sigma70
ggtgagatttatgggagaaaccgccaaaattctcagtccggaaaaaacaattctgatgccgacacttcaggctgaatgttc,0,genomic_fragment,NA,NA,ecoli_genome_random
atctttcattttgcgatcaaaataacacttttaaatctttcaatctgattagattaggttgccgtttggtaataaaacaat,1,srlA,forward,S,RegulonDB_sigma70
caaagtggcaaatcagattatcgtggcgctcaatattgaagcggtttctgaagccctgctatttgcttcaaaagccggtgc,0,genomic_fragment,NA,NA,ecoli_genome_random
gctcactcattaggcaccccaggctttacactttatgcttccggctcgtatgttgtgtggaattgtgagcggataacaatt,1,lacZ,reverse,S,RegulonDB_sigma70
gctacaggttttaccccgatcggggtatgcatctttgacacatcctttaatatcttagcggctataaaaatggcttattaa,1,napF,reverse,S,RegulonDB_sigma70
tcggagccatcacccaatacatggagtttccagttacctttcgcttgtgataagccatcaagcaggtctttaactcttttc,0,genomic_fragment,NA,NA,ecoli_genome_random
cggtcagccgcttgaccgctatgttgaagagtcgatttatcgcccgctcggcctgacacatacggtatttaacccgctgct,0,genomic_fragment,NA,NA,ecoli_genome_random
tcggaaacaaacaccaccgtcgtcgcccgatacccaccaaccatcgcctcgacgaggtacagtcccggctcttgttggccg,0,genomic_fragment,NA,NA,ecoli_genome_random
atcgatttgataatggaaacgcattagccgaatcggcaaaaattggttaccttacatctcatcgaaaacacggaggaagta,1,ahpC,forward,S,RegulonDB_sigma70
cttagtcgccgaatgtactagagaactagtgcattagcttatttttttgttatcatgctaaccacccggcgaggtgtgaca,1,aroH,forward,S,RegulonDB_sigma70
attgacctgaatgaatatacagtattggaatgcattacccggagtgttgtgtaacaatgtctggccaggtttgtttcccgg,1,ssb,forward,S,RegulonDB_sigma70
atctgttaataaagctcgaattgtgatgacgatcacacatgttaaaacctataattaattgctactaaaatattaatgaat,1,gcd,reverse,S,RegulonDB_sigma70
gcaaggcaaatggcgaccaatcagtttgcggtaggcaaatgcacctacaatcgcgccaacgatagggccgaaaagcggcac,0,genomic_fragment,NA,NA,ecoli_genome_random
ccgtccggtgttgccatagtctgcgcgccaaacggtacgttagcggagattgatgacgtacccgcgtaatagttgccgcca,0,genomic_fragment,NA,NA,ecoli_genome_random
taatttcttttccataaatcgctttacctcaagttaacttgaggaattatactccccaacagatgaattaacgaactgaac,1,soxS,reverse,S,RegulonDB_sigma70
ccagtcggggatcgtagcgttactgttttcggtggtttatttgctggctggggaacacatcattgcgttactgacgtcgtt,0,genomic_fragment,NA,NA,ecoli_genome_random
cgctcaggtaaagaagtgaaaatattttgagttaattcttaagctatgatacaaatcaggcgtgttcaactaccgaggaca,1,mdtU,reverse,S,RegulonDB_sigma70
gttacccatctacacaagctgataatttgttgttgcagtggagcaagcgtcattgcccggattatttcgcgttattagtga,0,genomic_fragment,NA,NA,ecoli_genome_random
gaatcatttttctaaaacaatacatttactttatttgtcactgtcgttactatatcggctgaaattaatgaggtcataccc,1,mprA,forward,S,RegulonDB_sigma70
actcggacaaaatgtcgttgcgcgcacagtacagcgcaacttattttgttaaaaacatgtaaatgattttttattgtgcgc,1,mhpR,reverse,S,RegulonDB_sigma70
ttacgctgtatcagaaatattatggtgatgaactgtttttttatccagtataatttgttggcataattaagtacgacgagt,1,uvrB,forward,S,RegulonDB_sigma70
cccctcatttcacccactaatcgtccgattaaaaaccctgcagaaacggataatcatgccgataactcatataacgcaggg,1,fliA,reverse,S,RegulonDB_sigma70
gatggccgggtgatttttcagcatctcacgtacagcttcgacaataacgcccacttttgccgcatcctcataacgtaaacc,0,genomic_fragment,NA,NA,ecoli_genome_random
gtcgcaatgattgacacgattccgcttgacgctgcgtaaggtttttgtaattttacaggcaaccttttattcactaacaaa,1,gapA,forward,C,RegulonDB_sigma70
ggtttagatcgtaagccgcagaaaaattatcgcgccagtagcgcataaaccacgccaatgactccagagaacctcgccagg,0,genomic_fragment,NA,NA,ecoli_genome_random
ttttaatgccgtaatttaattcatattgaagggttctcgtaaaacgtaaataattcctgcgtaggacttttgttttgcagt,1,chiA,reverse,S,RegulonDB_sigma70
agctgtcgaaacagaaagtgatcgtcaaacatctggatgctattcagaactttggcgcaatggatattctgtgcactgata,0,genomic_fragment,NA,NA,ecoli_genome_random
cggatgcggcgtaaacgccttatccgccctacatgtgcaatcctcctggccggataaaacgcggcaagcgttgcatccggc,0,genomic_fragment,NA,NA,ecoli_genome_random
gcaccgcatattacccaggtccatatcaaagatgccttgatcgttaaagaaccgggtggcctgggtcataaagcctgtatt,0,genomic_fragment,NA,NA,ecoli_genome_random
tgggtcatgaacaactcactgagcgatttcgacttaccgttaatgcagagagccatcatgctggttgcttcttgcggttca,0,genomic_fragment,NA,NA,ecoli_genome_random
tcgcacgggtggataagcgtttacagttttcgcaagctcgtaaaagcagtacagtgcaccgtaagaaaattacaagtatac,1,zwf,reverse,S,RegulonDB_sigma70
ttaccaccagatttcagcctgggcaccgacagcaaactggtcgtctttattgtcttcaaaggtgaagccatccagttcgtt,0,genomic_fragment,NA,NA,ecoli_genome_random
ccacacagcctgtcaatcagcagatttatcgtattcttcgtcgcgacattgtccattgcctgattgctccaggcacaccgt,0,genomic_fragment,NA,NA,ecoli_genome_random
cgtggccataattaaacgtttcatacttacctcattctttaacagttttagaaaacgccgccatcatattgggtgagcatg,0,genomic_fragment,NA,NA,ecoli_genome_random
tggacatgcttttgctgtgaccgatgtgcgtgaaaccctgcgtaccggtgcgccgaaaaacgctgaagatggtccgctacc,0,genomic_fragment,NA,NA,ecoli_genome_random
catattcttgttcatattccgtcctcttgtttatcagcgtgttagataagcctggaatacattgggcgctttttcaagccc,1,nadE,forward,S,RegulonDB_sigma70
agggtgaaaaccgtgctcccactcgcagtcatcctccctcactcctgccataattctgatattccaggaaagagagccatc,1,melR,reverse,S,RegulonDB_sigma70
ttctgatttcggtactcaatcgccggttaaccttgaccgctgtacaaggtatactcggacgattttcactgttttgagcca,1,ribF,forward,C,RegulonDB_sigma70
atgcacatcaacggtttgacgtacagaccattaaagcagtgtagtaaggcaagtcccttcaagagttatcgttgatacccc,1,cspA,forward,S,RegulonDB_sigma70
ttaatcattcatatggcgaatattttcttgtcagcgaaaaaaattgcggataaggtgatgaacacatcagatttcctggtg,1,dsrA,reverse,S,RegulonDB_sigma70
taacctggcggcgttctttaccggtattcctcagttctcgctgcatgcctggttctttgccatcgccactgccattggttc,0,genomic_fragment,NA,NA,ecoli_genome_random
ttcgctgtgacattcgctttgtcagctgtgacaagctccgcaaatcgtgacaataaccgcttatgtctctatgcctgacaa,1,feaR,reverse,S,RegulonDB_sigma70
cactccgggtaatgcattccaatactgtatattcattcaggtcaatttgtgtcataattaaccgtttgtgatcgccggtag,1,uvrA,reverse,S,RegulonDB_sigma70
gccagtctgccgtcttctataacggtgaagtgtgcctcggtggcggtattattgagcagcgtctgccgctgccggtctgat,1,hflD,reverse,S,RegulonDB_sigma70
cgtagcttatcgtgcgctgcgtgatcagttgaatccaggcgaatatggcttgttcctcggcaccgcgcatccggcgaaatt,0,genomic_fragment,NA,NA,ecoli_genome_random
ttacagggagcctgcctttccggcgttgttgttatgcccccaggtatttacagtgtgagaaagaattattttgactttagc,1,glk,reverse,S,RegulonDB_sigma70
tctcatctttgaaatcacgcatcgcgaaatgcagcgtttccagccagtcggaaccggcgatatccgggaaccagtatttgt,0,genomic_fragment,NA,NA,ecoli_genome_random
tttattcacaagcttgcattgaacttgtggataaaatcacggtctgataaaacagtgaatgataacctcgttgctcttaag,1,rpoH,reverse,S,RegulonDB_sigma70
gaacgtgcgcatcgccgcatgctacagttgcaggagaagggctttagtgttaactttgagcgccttttggccgagatcaaa,1,rpsA,forward,S,RegulonDB_sigma70
caccactcaggaaactatgaccaacgcccatagcgcgcgtgactggttcctgaaagcggcaggtgatgaaaaacacgttgc,0,genomic_fragment,NA,NA,ecoli_genome_random
tcacgagtggatcgcgtttttccgcaggtaccagctccagcccactggccgccgccatttcaataaacgcggttttgccat,0,genomic_fragment,NA,NA,ecoli_genome_random
atgcgggttgatgtaaaactttgttcgcccctggagaaagcctcgtgtatactcctcacccttataaaagtccctttcaaa,1,rpsU,forward,C,RegulonDB_sigma70
gctgcaaaatcgccagatgctcacgggtctgtgccatcacgccgtcatcgcacgccaccaccaacagcgcgtgatcgatac,0,genomic_fragment,NA,NA,ecoli_genome_random
aaactggtttttgcacacaacgttaacgatttgtggcgtcggcgcgtataatgcgcgcggttatgttaacggtacgcctgt,1,cmk,forward,S,RegulonDB_sigma70
gaagccgccgcggcaaaagcagaaactgtaaaacgcagcagtagcaaactaagctataaattgcagcgcgaactggagcag,1,pqiA,forward,S,RegulonDB_sigma70
gccagttcacgccgatggggcgtattccaagccagcgcctgttcaatgtgattggcactttcgccgccaacagtgaagtcg,0,genomic_fragment,NA,NA,ecoli_genome_random
ctccggcgtgaaacaggaaaatctcgacctgcatacgcttaaccagccgttgattgcggatgtgcgtgcgcgtctgcaacc,0,genomic_fragment,NA,NA,ecoli_genome_random
tgtttgttttcagtcgaggaatcggcagcagtaggcgatcgtcgtactggcgtttcaggccatcgatgataatttgctggg,0,genomic_fragment,NA,NA,ecoli_genome_random
taatgtggttgatggcgcacagtgaaaaactggaagatcttctggaaggcaagccagttgtcattattgaagatggcgagc,0,genomic_fragment,NA,NA,ecoli_genome_random
actcacaaaagacacgcgtttaatttgcgatacgaattaaattttcacacactctgtagcagatgatctaacaatctgatt,1,nagE,forward,S,RegulonDB_sigma70
ccgccttctcgttcagtaaagtcttaacgcgtgcgacatcgcgacgcacttgcttcaacaggtgagactgttgcagctggc,0,genomic_fragment,NA,NA,ecoli_genome_random
caggttaccgaagatgatggaggcaaaggcgataatcgccagcaccacgcgaatcgcttcgctgtcacccaccggtgcgta,0,genomic_fragment,NA,NA,ecoli_genome_random
agaatgtcataagcttccagatcttctttgctgctttttgcaatgtcatggacatcggcaacgtctttaccaagctgtttt,0,genomic_fragment,NA,NA,ecoli_genome_random
tcgttttatttcttttttctccattgaactttcagtttcttttctatagattttaatcaacgaaagacatcaccaagtgaa,1,agaS,forward,S,RegulonDB_sigma70
gaagtacctgataatccgccaaatgaaatttacgcgactgcacaacaaaagctgcaggacggtaactggagacaggcaata,0,genomic_fragment,NA,NA,ecoli_genome_random
tagttacatgtttaacacttgatttaagatttgtaatggctagattgaaatcagatgtaatccattagttttatattttac,1,csgD,reverse,S,RegulonDB_sigma70
aacggagacacctttggtttcgattccaatggtggcgatagcaattgcgacaataattgaaaccgcccccagaagaataaa,0,genomic_fragment,NA,NA,ecoli_genome_random
tagactcaatgattcctttaagcctgtcaattcgggatatatgattccatacatctgcaattatttgatcgtaaatagtaa,1,murQ,forward,S,RegulonDB_sigma70
accgtgcgaaaagcctctttcggtgttagcgtaacaacaaaagattgttatgcttgaaatatggtgatgccgtacccataa,1,clpP,forward,S,RegulonDB_sigma70
gaactcctgtgcaaaagacagcaattttattttccctatattaagtcaataattcctaacgatgaagcaagggggtgcccc,1,sgrS,forward,S,RegulonDB_sigma70
tcataaaacctcctgttttagtatccgcataaagtgtaacgccagatgacactttttgtgtaatgacggagttcacatttt,0,genomic_fragment,NA,NA,ecoli_genome_random
cggtgctttacaaagcagcagcaattgcagtaaaattccgcaccattttgaaataagctggcgttgatgccagcggcaaac,1,rpsU,forward,S,RegulonDB_sigma70
ggtagtgctcggcaaaatactggcgtaaaaattctaccgttatccgcactttcgctgacgtcgccagccttgaaacataaa,0,genomic_fragment,NA,NA,ecoli_genome_random
tctcgatacgccttaacaaatgctgctgcctgctgcgcggtgcgctctacggattgcccggcgcgatagagatcgctgcct,0,genomic_fragment,NA,NA,ecoli_genome_random
agtttcgtgcttagatgctttcagcacttatctcttccgcatttagctaccgggcagtgccattggcatgacaacccgaac,0,genomic_fragment,NA,NA,ecoli_genome_random
agacgaaccgatgactggatggatggccgccgcagtcgtcacactgatgatacggatgtgcttctccgtatacaccatgtt,0,genomic_fragment,NA,NA,ecoli_genome_random
agcaggacgttagccgcaaaaagacggtctatgattaaaagctaagatttttactgaccacacccaggagaaacgatgcaa,1,btuE,reverse,S,RegulonDB_sigma70
cataacatttccttttaattgcaactttactcgtccttccgctttcagtagtgtgtcatcgcgcatttcgacttcatcttt,1,lysO,reverse,S,RegulonDB_sigma70
gattgtttaaaagcgggcgtttcagcctctacagtgacttcggcttttactatccaaagcacccatagctgcctggcatac,0,genomic_fragment,NA,NA,ecoli_genome_random
tagagaatcatcaatcaggtaagagtctggaatttcacactgtaccctttatactgccctatcacttcgcgaagttttaac,1,rcsD,forward,S,RegulonDB_sigma70
atccgcaagatgtctttgctgaacatacacatgatttttgtgagctggtgattgtctggcgcggtaatggcctgcatgtac,0,genomic_fragment,NA,NA,ecoli_genome_random
ttcggttcagtaccgaaccattttttgtagatttcgttgtaagttccgttctcgcgcagggttttcaacgcgccgttgact,0,genomic_fragment,NA,NA,ecoli_genome_random
tagtgttggattccaccaccttaagcattgagcaagtgattgaaaaagcgctacaatacgcgcgccagaaattggctctcg,1,rpsA,forward,S,RegulonDB_sigma70
tacaacttgctcgccagggcaccacctgctgtatgatcccgcacctgcaaatcgagaaagagctggccagcggtgaactga,0,genomic_fragment,NA,NA,ecoli_genome_random
actgtttttttatccagtataatttgttggcataattaagtacgacgagtaaaattacatacctgcccgcccaactccttc,1,uvrB,forward,S,RegulonDB_sigma70
gcgtgacgaagtattacaggttgttggtgctatcgcaggctgaatgtgtacaattgagacgtatcgtgcgcaattttttca,1,hfq,forward,S,RegulonDB_sigma70
gaaatcctcaactccttcccattcatgttcttcgtcattttgctggtgacctttttcggtcaaaacatcctgctgattttc,0,genomic_fragment,NA,NA,ecoli_genome_random
tccgggcaacacggagaagaaggcggttctatgcgcggcgcagcaaacgatctgcgcaaccaggcggctgcaatgggcggt,0,genomic_fragment,NA,NA,ecoli_genome_random
gagctaaacaagattatttacactgaatgcaagattgtacggtcatggaataactatattgccgcaaattgcacttttgtt,0,genomic_fragment,NA,NA,ecoli_genome_random
gcctgcacaaaattccaccgttgctgttgcgtcgcaaccgacaattacgtattctgagtcttcgggtgaacagagtgctaa,1,rpoS,reverse,S,RegulonDB_sigma70
tcccacctcttcgctggaacttgccaccagccacacttccgcaggtagttcggcgtcgtgcagttcgcgcagtaacgtcac,0,genomic_fragment,NA,NA,ecoli_genome_random
aattcaataccgctgtacaaaaacttgaagaaattcaggagtgtcatttagtatccggtgatttcgactacctgttgaaaa,1,ftsK,forward,S,RegulonDB_sigma70
ttacaccatatgtaacgtcggtttgacgaagcagccgttatgccttaacctgcgccgcagatatcactcataaagatcgtc,1,tyrP,forward,S,RegulonDB_sigma70
tgccttgccatcaaatattttaaatacctattcttaggctgcacatgctaacatatccaaataagatcgataacgataatt,1,fepD,reverse,S,RegulonDB_sigma70
cggcctttcgacacccggtgccggcattttctcgctctttttacttcatgataatggcgcgggcggtgttatggcggcaat,1,mngB,forward,S,RegulonDB_sigma70
ccccagtcgaggaatgctcttctgtatttggggccgccgttgagtaaagtaaacccttctggcgttatcaactgcattggc,0,genomic_fragment,NA,NA,ecoli_genome_random
catcgttaccttgcagatagcagccgcccgcgctggcatagcaaccctgacctttactgtagagaatgtagttcgggttag,0,genomic_fragment,NA,NA,ecoli_genome_random
atccggcctcagtaattagatcaggaaatcgtcgagagatttaccttctgccagcgcctgagcaattggcttcggtgtacg,0,genomic_fragment,NA,NA,ecoli_genome_random
gctgatttttgttaatggcgaaggtgagaatgtcatcggtattcatgccggcgctaatgctgccctttccccggcgctggt,0,genomic_fragment,NA,NA,ecoli_genome_random
ctcatttgatccattatgccttattgtgccgtgactaaagcgattctgatacactagccgcaaaagccacagcagaatcga,1,fldB,forward,S,RegulonDB_sigma70
gcgctggcgcttgaacacgtcgaatcaggcaaagccggtcaagaagacatctgatgagtaagattatcgcgactttgtatg,0,genomic_fragment,NA,NA,ecoli_genome_random
ggccctggtggggtaaagcgccagggccagaagtcgatacgacctgtgctatgattcataaatcacaacaataacaacaga,1,paaX,forward,S,RegulonDB_sigma70
attgtggaacgcggtacgcataacgatttgcttgagcaccgcggcgtttacgcgcaacttcacaaaatgcagtttggccaa,0,genomic_fragment,NA,NA,ecoli_genome_random
aactgaaaattcagtattttcttctttcctcaagctgattattagcctggaatagagagtagagggaactcccgatcggga,1,lolA,forward,S,RegulonDB_sigma70
cttaagcaaaaagacatcacttcctgcttcgaccgccagctgctgcgcgacttcttcgggacatttcacgacacgcttgtt,0,genomic_fragment,NA,NA,ecoli_genome_random
cgccttacagctggcatcgaaaatggcacgtcactcgccgctggccttacaagcggcaaagcaagcgctgcgccagtcgca,0,genomic_fragment,NA,NA,ecoli_genome_random
catagccatttcatatggatttttcttcctttgttgcccgacgtggcagcgaaaatggtgcaaaaaccgtagtttgccata,0,genomic_fragment,NA,NA,ecoli_genome_random
actccgcggttcgaccacttttttatccaaagtttcgggctgttatgttttaatgtgcaacattcatggtctgttgggggc,1,accD,reverse,S,RegulonDB_sigma70
aaaataattttacaaatcagtaacaaaagtaaagaaggcgacaccatgcgactatgggtcgcctttattttttccccgttg,1,cydD,reverse,S,RegulonDB_sigma70
agctggccggattcgctgcgattcatccctttctcacgcatcaattgcaacgccattgcagttgaagacatcgcaaggcca,0,genomic_fragment,NA,NA,ecoli_genome_random
cgtttgcgtaaattcctttgtcaagacctgttatcgcacaatgattcggttatactgttcgccgttgtccaacaggaccgc,1,glyA,reverse,C,RegulonDB_sigma70
aacgacattcgtttgccgggcgaagtggcgttctttatcgccaagcgtctacgatctaacgtacgtgagctggaaggggcg,1,dnaN,reverse,S,RegulonDB_sigma70
aaacgcgccaatattcttctgcgggatcatcgccatataggtaatgaaaccgccaccaccgcctgtcttctgaataatccc,0,genomic_fragment,NA,NA,ecoli_genome_random
aaccgcgttaaattcacgcccttctcttttgacatttcttttgcactggtaaactaaatcacttttttttgtcccaggctc,1,proS,reverse,S,RegulonDB_sigma70
acaggttttaccccgatcggggtatgcatctttgacacatcctttaatatcttagcggctataaaaatggcttattaatta,1,napF,reverse,S,RegulonDB_sigma70
ctggcgattttgcagaccatcgacaaatcgctgtacgaagcggcagagatggatggcgctaatgcctggcaacggtttcgt,0,genomic_fragment,NA,NA,ecoli_genome_random
cgttcaatgataatagtgttggctgtcgggatgtcgatcccggtttcgataatggttgtacaaaccagcacgttgaaacgt,0,genomic_fragment,NA,NA,ecoli_genome_random
cgcgccgtaattcgcatgctttagttgtgtatactcgatcccgcccgaaatgtttttgggtaaatctccattcattcaatg,1,yjbE,forward,S,RegulonDB_sigma70
acctgggttgcgacaagtatccgtccaacatttcgcttcccatttttgccgaaattgctaataactcgattctctttttca,0,genomic_fragment,NA,NA,ecoli_genome_random
gtactgattattcttcataatcagtacggggttgctacaacatgtattactttttcaccacaattaacggttcaatatcac,0,genomic_fragment,NA,NA,ecoli_genome_random
atactaaacaaaactgccaatacccctacatttaacgcttatgccacatattattaacatcctacaaggagaacaaaagca,1,acs,reverse,S,RegulonDB_sigma70
aatgttccgtcgttattccagacgactggcaactaacatcgcagcagcaagcctttatagaactgtttgctgaagatgatc,1,ymiC,forward,S,RegulonDB_sigma70
cagaaaaagatacacaaaatttatatttggaattttcttgtctctccgacagactgaccgaattgttatcaatgttaacaa,1,ssuE,reverse,S,RegulonDB_sigma70
aaaacattcaccttacggctggtgggttttattacgctcaacgttagtgtatttttattcataaatactgcatgaatattg,1,argE,reverse,S,RegulonDB_sigma70
gacacaatttaatcgacaataatggtcgtcgcctcgctcgcagtgtgctaacgtttatcttctttaagcccctggtagaag,1,yacC,reverse,S,RegulonDB_sigma70
actggaagttaatccactgcaatctattgttatattgaatcaaatcaatgaaaatagatgttgtcacatcagtgatatttt,1,fimE,forward,S,RegulonDB_sigma70
gttctgctccacttccgagaagcgcattaccgtccacgatttggcgcttaaatcattggggttgtcgtacaccccaatgtt,0,genomic_fragment,NA,NA,ecoli_genome_random
cgcacaggcgctggtcgctaaaggcatcaccattgagttgttctgtgcgccgggtgaaattccctctgcccgcttaccgat,0,genomic_fragment,NA,NA,ecoli_genome_random
cgccgtttccatgttcagccacacataaccatagattggtgtttccacaaccttcaggtcatggtggttattgagcaactg,0,genomic_fragment,NA,NA,ecoli_genome_random
tttgtgcttcatgcacactctttccccacactttttccctttgctgtggtctacttattcgcgcgtgtagattttacttat,1,eptB,reverse,S,RegulonDB_sigma70
aaccagtaccgtgagggaaaggcgaaaagaaccccggcgaggggagtgaaaaagaacctgaaaccgtgtacgtacaagcag,0,genomic_fragment,NA,NA,ecoli_genome_random
gcggggaacctgatcggcgggaataaacgccacggactcttgcggtgcaagcgtaacctgcaacggcccgttgtccgtcgc,0,genomic_fragment,NA,NA,ecoli_genome_random
ataaggcgttttgcttcctccttttccagccatctgactcgcttgtttctgaccgctggtatcttgatgacaggcgctttt,0,genomic_fragment,NA,NA,ecoli_genome_random
gaagcgccgcgccgtaaccgtcgcgatacgctgctgctgtttgtcatttgtacattgatgtggggctcgaacagcctgtac,0,genomic_fragment,NA,NA,ecoli_genome_random
tttacctgaagaatatagagaagtacttacttaacattttcccatttggtactatctaaccccttttcactattaagaagt,1,metG,forward,C,RegulonDB_sigma70
gcaacccaaaccaggtgcccatgatgcagaagatggaaaagacgatgtagcagagaaatttatgcggcagacgaaccgtga,0,genomic_fragment,NA,NA,ecoli_genome_random
aggctcaacagctacctgaatactgataacgcacttactttgacgtgctagtgtatcatttctttcgcagcaatccgaccc,1,waaA,forward,S,RegulonDB_sigma70
gctttcttatcgcgaacctgatcaatcacgctggagataaagtgatccacataggtcaccgagttgtcataggagttgatc,0,genomic_fragment,NA,NA,ecoli_genome_random
atttgcaatctaagctagaaatttttggttcttctattatggatatattaaagtatatatttggtttaggtctgctagcaa,0,genomic_fragment,NA,NA,ecoli_genome_random
aatcattcaacaaagttgttacaaacattaccaggaaaagcatataatgcgtaaaagttatgaagtcggtatttcacctaa,1,gltA,reverse,S,RegulonDB_sigma70
ctgcccctctgccgatcaaatggtgattatgggtggcccgctaatgggctttaccttgccatggctggatgtcccggtcgt,0,genomic_fragment,NA,NA,ecoli_genome_random
gcgaagaacgacgacgaagctgctaccgcggcaaaaattgccgccattctcgaagagccgccacggatgggcaatagtgac,0,genomic_fragment,NA,NA,ecoli_genome_random
cgctgccgatgtgccgttcagcacaaaataggttttatcggcatgaaagactttggctgcgaatttctgcgcatctttcgc,0,genomic_fragment,NA,NA,ecoli_genome_random
tgcgcatcttttgtctcgatatacattttctgacatcctcatccgctatgctacaggcactaaaaatggttattgaggagc,1,yebE,reverse,S,RegulonDB_sigma70
ttcgctattagcgctcatgcggtgcgtcgcgcagccattgctcccggcgagcaggtgctggtggtcggggcggggccaatc,0,genomic_fragment,NA,NA,ecoli_genome_random
acgatgtatgttctaataaaatagattgggtgggttgtatattgacgttagtataaatagtattaatgccgcttgcatgaa,1,gspA,reverse,S,RegulonDB_sigma70
ataaattatatataaatcttatttatgtgatagtttgaattatcattataaatgatactcactctcaggggcgttgcggtt,1,sdiA,reverse,S,RegulonDB_sigma70
gcaccggaaagcacaccaactgtctatcgccgtatcagcgaataacggtatactgatctgatcatttaaatttgaagcact,1,deoB,forward,S,RegulonDB_sigma70
ctttacgttgttttacaccccctgacgcatgtttgcagcctgaatcgtaaactctctatcgttgaatcgcgacagaaagat,1,cpxP,forward,C,RegulonDB_sigma70
acaggaactggtgattggtggacggttgggcaagaaaagtgggctgggcgtgtacgactggcgcgcggaacgtgaggcagt,0,genomic_fragment,NA,NA,ecoli_genome_random
ggatctgaaaaacttcgcaggcggcgaccaaccgtctatgcagtacatcggcaaagctctgaaagagtttcgtgacagcgg,0,genomic_fragment,NA,NA,ecoli_genome_random
tgaatcaggtgcggatgatggatctacacgcccggctggcaaagcgtattggtctggctgcggatgaggtggtggaagagg,0,genomic_fragment,NA,NA,ecoli_genome_random
tatatttgcttgaacgattcaccgtttttttcatccggttaaatatgcaaagataaatgcgcagaaatgtgtttctcaaac,1,ppsA,reverse,S,RegulonDB_sigma70
ttgccgactattcaggatgttaaccatatgctggagtcgcccttccgtttccggcccgctcagcactaacagcagttcact,0,genomic_fragment,NA,NA,ecoli_genome_random
tttcccaattaaaactcacatcaatgttgccaatacataacatttagttaaccattcattgtcattatccctacacaacac,1,lldP,forward,S,RegulonDB_sigma70
ataaaggtgaatttgatttacatcaataagcggggttgctgaatcgttaaggtaggcggtaatagaaaagaaatcgaggca,1,nirB,forward,S,RegulonDB_sigma70
ttgcagcaggaagtgcatcagcggttgacagaggccctcaatccaaacgataaagggtgatgtgtttactgatatgaaaag,1,dapD,reverse,S,RegulonDB_sigma70
gtaggtgatgatttccgctttggcgctggtcgtgaaggcgatttcttgttattacagaaagctggcatggaatacggcttc,1,ileS,forward,S,RegulonDB_sigma70
atcgcagactacaaagcctgcggattgacaatcttatcgtgaaggcatactttcaggagtgagggtagagcggggtttccc,1,sibB,forward,S,RegulonDB_sigma70
tcgggcttgcccttattaaggggtgttgtaaggggatggctggcctgatataactgctgcgcgttcgtaccttgaaggatt,1,hupB,forward,S,RegulonDB_sigma70
caaactggcgctactaatgcgccactttcttatatggtcaatcactttccttaaagaatacgttttgtgtggtcactatct,1,mqsR,reverse,S,RegulonDB_sigma70
gtgatctttcagcgtcttgttacgcttctcacggatccagaactgcgagatgaccgacaggttaacgaaagtgaacgccac,0,genomic_fragment,NA,NA,ecoli_genome_random
ccagcggcaagccactcagtaccgggatcgccgaggcacgggccagaatcagtgtatgcgaggtgcgcccggttttctcca,0,genomic_fragment,NA,NA,ecoli_genome_random
aaaaatgacgcagaccgtcagcgtattgtccgtggcatgtttttcctctggctgttgatgggcgtcgggtttattgcctct,0,genomic_fragment,NA,NA,ecoli_genome_random
acgtttgcgttttttttgccgcaggtcaattcccttttggtccgaactcgcacataatacgcccccggtttgcacaccggg,1,pyrD,forward,S,RegulonDB_sigma70
gtacacccgccagacgcgcggcctcttcgttcccgccaatcgccagggtgttacgaccaaaggtggttttattcagcagca,0,genomic_fragment,NA,NA,ecoli_genome_random
ttttcacattaatctggtcaataaccttgaataattgagggatgacctcatttaatctccagtagcaactttgatccgtta,1,clpB,reverse,S,RegulonDB_sigma70
gccagctcactttcgctggttaccgtttctctgataaaaactttgtgacaatgaatgaatatatcaatgacactaaccatt,0,genomic_fragment,NA,NA,ecoli_genome_random
ctgttccactctggagcgagtggtttaccgtcctgacatcaaccaggggaactatctgaccgctaacgacgtatccaaaat,0,genomic_fragment,NA,NA,ecoli_genome_random
gcttccggggttttgccgcgtcgttagcacaatgcgatgcaattgatttagtgtatatctaataattgtaaacaagcactg,1,gntR,reverse,S,RegulonDB_sigma70
agggcgtgatgctaacgcataacaatattctcgccagtgagcgggcttattgcgcgcgactgaatctgacctggcaggatg,0,genomic_fragment,NA,NA,ecoli_genome_random
gaaagttaaattacggatcttcatcacataaaataattttttcgatatctaaaataaatcgcgaaacgcaggggtttttgg,1,manX,forward,S,RegulonDB_sigma70
cagggcgatattcaggtggtgcaaaacttcgttgcgctggcagatctggcagagttcgaccctgcggaactgctggcccct,1,esrE,forward,S,RegulonDB_sigma70
tgcacttcaacacgttgttgaccatccgttgccaccggggtttgcccttgagtcggcgtagaagagatcggtggcagagaa,0,genomic_fragment,NA,NA,ecoli_genome_random
tgattcaggatgcctggcaaaatgcggcgttcgaagggatcagcatggactgcctggggctggcgtcagttcaggcgacca,0,genomic_fragment,NA,NA,ecoli_genome_random
gcaatttatttaaaaagggactagacagaggggtgggaagtccgtattatccacccccgcaacggcgctaagcgcccgtag,1,argX,forward,C,RegulonDB_sigma70
cagggctggcaggctaattcgggcttgccagcctttttttgtctcgctaagttagatggcggatcgggcttgcccttatta,1,hupB,forward,S,RegulonDB_sigma70
gaattcctatttgtgagctacgtctggacagtaacttgttacaacctgtagcatccacttgccggtcctgtgagttaatag,1,btuB,forward,S,RegulonDB_sigma70
aaaacgatatttcagtgcgttatcttgttctttagcattcttaacatccatgtcgggatggctgggcctgaacaagttagt,0,genomic_fragment,NA,NA,ecoli_genome_random
agggatatgtgttaatgaaaccttcttgacgctgattttttttcaacctaaagtaaaggaacaagggtgagggaggatttc,1,sibD,reverse,S,RegulonDB_sigma70
attaatgattgttataaaaaatatcttgtatgtgatccagatcacatctatcatttagttatcgatcgttaagtaattgct,1,bhsA,forward,S,RegulonDB_sigma70
cgttgtatccgcatatgacggtttacgacaacatggcgtttggtctgaagatgcaaaaaatcgccaaagaggtgattgatg,0,genomic_fragment,NA,NA,ecoli_genome_random
gttaacaagcaggtcggtataaccggctggcgtggtcgtgccaagacgatccgggccgccgttggttaacagttgaatcag,0,genomic_fragment,NA,NA,ecoli_genome_random
cctgggtgtaaagctgagcgaaacgctctgccgagcgaaaatcggcagaaaacagcgcgccgtccacgtccagtaatgcaa,0,genomic_fragment,NA,NA,ecoli_genome_random
tcatatacatatcttttaacggtatccggcaaccagccaggtccccttgtgctattattcgcacctttggagcgcctgaaa,1,lgt,reverse,S,RegulonDB_sigma70
cgtcttatcaggcctacaaaccggctctttaacgcgtagggcggataaggcgtttacgccgcatccgccaatagtgccaga,0,genomic_fragment,NA,NA,ecoli_genome_random
acgcttatcaggcctacgttatttcagcaatatattgaatttacgtgcttttgttggccggacaaagcgtttacgccgcat,0,genomic_fragment,NA,NA,ecoli_genome_random
tgactgattctaacaaaacattaacaccaactggcaaaattttgtcctaaacttgatctcgacgaaatggctgcacctaaa,1,gapA,forward,S,RegulonDB_sigma70
agtacatacgtttacgctgcgtcgatgcacagcctcatcattttgcagtatccttaagatattccttatatcttcaggaga,1,ybhL,forward,S,RegulonDB_sigma70
gtaaagatgggtaaaacttctgggtgcccttacgcattatcattatgctgcttaattaattacatctgtcatagagagtga,1,yccA,reverse,S,RegulonDB_sigma70
atagccaattaccgaattgttatcttgcctgctattccgttagctgtaacacttcctcctgcattattggaaagccaatat,1,wza,reverse,S,RegulonDB_sigma70
gtcgcaggctgcacatgccccagcaggctaccaaaggtgaggaagaaggtaatgactttcgcccccagcacaatcgctgtc,0,genomic_fragment,NA,NA,ecoli_genome_random
ccatctgccggaagatatcgtcgattcagatcagatcgaagacatcatccaaatgatcaacgacatgggcattcaggtgat,0,genomic_fragment,NA,NA,ecoli_genome_random
aacgcatgacttctgaaaacataggtcacccctgtaagatagtcagaattttattttgtaatgcttcgataccgataccag,0,genomic_fragment,NA,NA,ecoli_genome_random
tttattaacaatatttgccagggacttgtggttttcatttaggcgtggcaattctataatgatacgcattatctcaagagc,1,fur,reverse,S,RegulonDB_sigma70
cataaaaaatcctgtactcacagggtgatgcgggataactgacgtaaggagtgctgcagggatttgatggtcccttgtaga,0,genomic_fragment,NA,NA,ecoli_genome_random
atgtgatgatcaattttaccttatggttaacagtctgtttcggtggtaagttcaggcaaaagagaacgattgcgttgggga,1,gcvT,reverse,S,RegulonDB_sigma70
aaacggttatgttttggtattaaaagaaagacacaagaagatatgtctgttaccgtcttactctcgcctcacccattaccc,1,bluF,reverse,S,RegulonDB_sigma70
ctcgcaagaacggagagccgtcgattgacactaagggcggagtgacataatttcaggagtgagggttagggagaggtttcc,1,sibA,forward,S,RegulonDB_sigma70
gcggcttgtcagacgctgtttaccattctggacagtgagcaggagaaagatgaaggtaagcgcgtgatcgagcgtgcgact,0,genomic_fragment,NA,NA,ecoli_genome_random
agagcggcgtttctcgccctgttccgcagctaaaacgcacgaccatgcgtatacttatagggttgctggtgcaaaatccag,1,rpoD,forward,S,RegulonDB_sigma70
tttatgttgcttttttgtaaacagattaacacctcgtcaaaatcctgctattctgcccgttgcggtactgggcatttaccc,1,acnB,forward,S,RegulonDB_sigma70
ctgccggaaaagatcgggtcacagaaacgttatcgttgtctggctggtggcataggtggcgtcgttatcaccgagatctat,0,genomic_fragment,NA,NA,ecoli_genome_random
tgtctatctgttgaaatccctgagtacagaggatattgagcaagtactaactcaggcgatggaagacaaaacccgtggcta,0,genomic_fragment,NA,NA,ecoli_genome_random
gctggctgccgtctgcaccgcagttaggcactaacccgctgactatcgctggcgaagcggaaaaagccgggatgaatccgg,0,genomic_fragment,NA,NA,ecoli_genome_random
ctttttgcagggctatttgtactctccgccagtaccgggtaataaatttatctctgaatgggtaatgaaagcaggtggttg,0,genomic_fragment,NA,NA,ecoli_genome_random
gattatttcaccgcagccgctcatctacgctgggctggctgtactgcttttagccttacggtataagaagttgcgttccct,0,genomic_fragment,NA,NA,ecoli_genome_random
gtagagcggataagatgtgtttccagattgacttatcctcactaaaggataaaacttataatatccccttaagcggataaa,1,hipB,reverse,S,RegulonDB_sigma70
cgtcaaaacgcgactgcaaaaagcaggtttaacgcatatctccatcctgagtgacgcgctaagcgaaccttcccgtctgca,0,genomic_fragment,NA,NA,ecoli_genome_random
gatacctttttgtagaaatattgaccgtgcatccgcggtcaatgttagctattatgttgcgccctttttttacgggtgtta,1,speE,reverse,S,RegulonDB_sigma70
aactcgtcttttgcaggattttagcttgtttcatggcttaaacgtcatttattctcttgagtcgtcgaaatcgtcgctaag,1,pepA,reverse,S,RegulonDB_sigma70
tatcaggcatatcacctcagaatcagatgaaaactataaagaaatatctattatggttttaatatttgttgataaggatag,1,slp,forward,S,RegulonDB_sigma70
attgtttgtctttgatatcccaatcagacgggaaataattgactatctcctccacccgcacagcgtctggcggaggtaaca,0,genomic_fragment,NA,NA,ecoli_genome_random
actgattatggctgcccgtaatatttgctggttcggtgacgaagcgtaataaactgtagcaggaaggaacagcatgacaga,1,infB,reverse,S,RegulonDB_sigma70
aagcatatcttattactaattggaatttgatgttgctatattgaggtctatattaataatgcctgtgaatggtatttttga,1,ytiC,forward,S,RegulonDB_sigma70
tgtgcacgccccagtgcttcacgagcaaaacgttcactacccagcaactgaatattcgccagcgtctgagctgcaaaggct,0,genomic_fragment,NA,NA,ecoli_genome_random
attatatcaacttttcacgcagaaaaagttattaatgatctgttaaaaaacgattataaaatttccctttctccagataca,0,genomic_fragment,NA,NA,ecoli_genome_random
aacttgattaacatcaattttggtatgaccaatgcaccattcatgttattctcaatagcgaagaacattttcattgctgta,1,ndh,forward,S,RegulonDB_sigma70
gaaacctttatgtacgcacgcgccatgggttggaagaatgtttccgtgtatgacggcggctggtacgaatggagcagcgat,0,genomic_fragment,NA,NA,ecoli_genome_random
gccgggacggatgcttgcactgaaagagggcggacgcaccacaggcgtcgcctatcgactgccagaagagacgctggagca,0,genomic_fragment,NA,NA,ecoli_genome_random
tacttaggctgctaacaaaattttgttgtatgattgaaattagcggcctatactaatttcgagttgttaaagctacgataa,1,cfa,forward,S,RegulonDB_sigma70
agcatgaatctgtccaatgcggtgtcggtagtggtgtatgaagcctggcggcagttggggtatccgggagcggtattgaga,0,genomic_fragment,NA,NA,ecoli_genome_random
cagagggatgggtgatttattcagttgccaaacccgctggagtattgagataattttcagtctgactctcgcaatatctta,1,aroK,reverse,S,RegulonDB_sigma70
tatgcatcggtttcatactttctctacctccgggcgacccagaataccggtcggcatcaccagcagcaccagaatcagcag,0,genomic_fragment,NA,NA,ecoli_genome_random
cgtctttatcgatgaaatgatgcttcagggccataaatccgtgcataacggacagtactacgacgctccacgcgagccaaa,0,genomic_fragment,NA,NA,ecoli_genome_random
tgcacaccagatcgtttgccaggagttgcggcgggttatacagagtgacaggcgtaccgacctgaatgcccatccgtatag,0,genomic_fragment,NA,NA,ecoli_genome_random
tggtcggcaatatccacgtcgcaactggctggtgcgacgcttttacctgccatcacatcatcaaacgctttgtttttatct,0,genomic_fragment,NA,NA,ecoli_genome_random
ggttgagatcctgccgatgatgtacctggcgctgtcctacgatcaccgtctgatcgatggtcgcgaatccgtgggcttcct,0,genomic_fragment,NA,NA,ecoli_genome_random
cgcaaagctgaccgcacaaaaggggagtgcttttctgtgcttagcggttagaatagtctcatgactatatctggagttgac,1,acrZ,forward,S,RegulonDB_sigma70
gaagttaaccattgcatgatgacgttcggctgactctacttttacttccggttcgccttgcaggatctcttcttcggtggc,0,genomic_fragment,NA,NA,ecoli_genome_random
ttaagtcattagcagcctaagttatgcgaaaatgccggtcttgttaccggcattttttatggagaaaacatgcgtttacct,0,genomic_fragment,NA,NA,ecoli_genome_random
cagctctcgcgttactaccggcgtgcgttggctcggcaaaatcaacgccgcatggtcgaactccgatccctgcgatttatg,0,genomic_fragment,NA,NA,ecoli_genome_random
gatgtgttccttaatcacagcctcattgcagaatggcgtgtcgtttattgtcagaccatagtgctgttccagcagacgtgt,0,genomic_fragment,NA,NA,ecoli_genome_random
gctaaatttgtacgtcaggctttaaacgattccacttttttgaacgctgcacgcaacgtatctggtgtcagcgtgactggc,0,genomic_fragment,NA,NA,ecoli_genome_random
atacccaggatcccaggtctttctcaagccgacaaagttgagtagaatccacggcccgggcttcaatccattttcataccg,1,mnmG,reverse,S,RegulonDB_sigma70
ttaagtatctgcgcgggatgcaccttaacgatgcgaaaagcacctttggcagccgcgttgaccgccatcatagcctcggtg,0,genomic_fragment,NA,NA,ecoli_genome_random
aaagcgcggcaactaaacgtagaacctgtcttattgagctttccggcgagagttcaatgggacaggttccagaaaactcaa,1,aceE,forward,C,RegulonDB_sigma70
gggtgaatttctcgcaactgacgtggtgctggcggggatcgcggtgattgcgattatcgcctttcttttagaactgggtct,0,genomic_fragment,NA,NA,ecoli_genome_random
gtgatgataagcgcgccagcaatcgcacacagccctagcgcccagttggggagttgcccttgcccaagcaataccgcggcg,0,genomic_fragment,NA,NA,ecoli_genome_random
tagatgcacaaaaaacgggcaaaactacctggttcgcaaaactgcgtctaaagttaaaccgggacctcgcgagcaagggtg,1,mlrA,forward,S,RegulonDB_sigma70
aagaaaaatacaacgcgcgggtgagttattaaaaatatttccgcagacatactttccatcgtaacgcagcgttaacaaaat,1,csgB,forward,C,RegulonDB_sigma70
aatttcgtccttcattttttcgagcatcgtccgtttggcgataaaaccttccaggccgcctacctgctggatctggcggac,0,genomic_fragment,NA,NA,ecoli_genome_random
aatggcatacctggtggcagtaaccgcctgcgtaagcggcgtggcgcatacttatatggcggcggaacggctggaaaagtt,0,genomic_fragment,NA,NA,ecoli_genome_random
atccgttgaatgagtttttttaaagctcgtaattaatggctaaaacgagtaaagttcaccgccgaaaattgggcggtgaat,1,ptsG,forward,S,RegulonDB_sigma70
ttgccgctaatcagccataaaatcatttgcagatgcgctctgtcgaggtagtctcataaggttcgtttatagatcgacggc,1,shiA,forward,S,RegulonDB_sigma70
gtgattttatttccacgcaaacggtttcgtcagcgcatcagattctttataatgacgcccgtttcccccccttgggtacac,1,purL,reverse,S,RegulonDB_sigma70
ggcggcttaaccgtcgccgggatgctggggccgtcattgttaacgccgcgacgtgcgactgcggcgcaagcggcgactgac,0,genomic_fragment,NA,NA,ecoli_genome_random
ggtatggcgtaggggaatttaacagcccggaagaagcccgcgcacagattcattatcagtaccgttatttctacccgcaaa,1,fucU,forward,S,RegulonDB_sigma70
gatccagataacgtccgtaacccgcaagagcttcctcaagcatcgcaatataatcttcgccgctctgtaaaagccgttttt,0,genomic_fragment,NA,NA,ecoli_genome_random
gagagttctggctgcaaaccgactattacaaacagcggatggtgggcaacagcaaagccgatgcggcgttgctggatgaaa,0,genomic_fragment,NA,NA,ecoli_genome_random
tggaaaattcttagaaaccgatcacatacagctgcatttattaaggttatcatccgtttcgctgaaaaacataacccataa,1,cyaR,forward,C,RegulonDB_sigma70
cggcgtaaggtgaagataatcatggttttttcacctcatcctgtttctcgcgatacaccccagcaaaggaggcgttaccaa,0,genomic_fragment,NA,NA,ecoli_genome_random
gaaagtccacaccaacgataggatccataggtaaaagatcgcaagcgatgatgcggcctttgccgccaatttgggtgacca,0,genomic_fragment,NA,NA,ecoli_genome_random
gtcgtggttgttcccccatcgcaggaacacccaccgtttgatttaaatcacatgggtactggcagtgataagtcggatgcg,0,genomic_fragment,NA,NA,ecoli_genome_random
ctggggagtggcacgccattcccccattcgctggagaggataacccagtgattacggctgtctggcagggacctgcacacg,1,glgC,reverse,S,RegulonDB_sigma70
tcatacccttctattgatatggattaataattcttaacccaaaatgggtagactccctctattgttagcgcgctaaatatt,1,ynfE,forward,S,RegulonDB_sigma70
tgccggtaacggcagcagctggctgatggtcggaacctgagacatggtgttaataaatttgttgctgacaatgtaaagctt,0,genomic_fragment,NA,NA,ecoli_genome_random
atttatctgttttaccgcccataagccaccgagacgttacttctctatagccaattgttcgcgcaactccattaaaaggta,0,genomic_fragment,NA,NA,ecoli_genome_random
tcgctgaataagtcatcattccacattaaatggccctgactaaagttttcagggttcagcaccggatcaattgcgagaaag,0,genomic_fragment,NA,NA,ecoli_genome_random
accaaacagacgtttacgcgagaaggttgccgcaatttcggagaacacaccgaaaacaggcaggatcaggatgtaaacttc,0,genomic_fragment,NA,NA,ecoli_genome_random
aaattaaggtactgccttaattttctgcagacaaaaggcgtgacgatggtcgaaaatggcgctttcgtcagcggggataat,1,glmU,reverse,S,RegulonDB_sigma70
ttacgttcttacactttatctgtggtttaaatcgtcccggagttgccctatattagccaaacgtaattatttggttacagg,1,can,reverse,S,RegulonDB_sigma70
tgtatctggaaattgtggattatcccggcgaatggttgctcgacctgccgatgctggcgcaggactatttaagctggtcgc,0,genomic_fragment,NA,NA,ecoli_genome_random
ttaagtcaaaaacgggaaaagtaatggtaaagccacagctaaatacatagaatccccagcacatccataagtcagctattt,1,waaA,forward,S,RegulonDB_sigma70
ggtgggtcgtggaattgggtaacccggcttgttgcgccagttccgtgagtgccacactgccattggattcggcaatccact,1,metH,forward,S,RegulonDB_sigma70
ggtaacgcaatctgcaactcggggttgcatctggttgtggttacaatgaaaatgagaagcattattgatggattcgcataa,1,fepB,reverse,S,RegulonDB_sigma70
cgcggacgtcggaacgtctcgggcagtttagttctgccgaaacgcagcgtattataaccctgctcaagcgggctgggttac,1,damX,reverse,S,RegulonDB_sigma70
agaagacggtaagcttctcggttttgtcagcattatggaaggccgatttctggcagcgatgtttgtcgcaccgaaggccgt,0,genomic_fragment,NA,NA,ecoli_genome_random
gccgcgcccggctgatgcgccatcgcgtggcacaacccaagacccgcactggaaaacgccattcccgccatacatgaagcc,0,genomic_fragment,NA,NA,ecoli_genome_random
ctgcagatgatatttagcaaagtggtaagcgaagccggggaatctgagtaaaatagcgcggttcttttgtaccggagccgc,1,pabA,reverse,S,RegulonDB_sigma70
tatcagggcggaatggttaactcgcaggtgaaacaggcacagtacaactttgtcggtgccagcgagcaactggaaagtgcc,0,genomic_fragment,NA,NA,ecoli_genome_random
aaaggtggcatatggtgtgatcggggttcaataaattgcgaaacaaggtatactccagcagttcctgaagatgtttattgt,1,pncB,reverse,S,RegulonDB_sigma70
cggtgtaaccggggcttagcttttcatcaccccagttgccgtcggcggtaatggactggtaaaagccaatttggttattcg,0,genomic_fragment,NA,NA,ecoli_genome_random
aagtgattatgggtaacgtgttacaagccgggctggggcaaaatccggcgcgtcaggcactgttaaaaagcgggctggcag,0,genomic_fragment,NA,NA,ecoli_genome_random
aagcaatgaaataatatattccaacagttgttttatattctcaaaatatgttaaggttgcgccctcatttggggagtagcc,1,mntP,forward,S,RegulonDB_sigma70
tgagcaattatcagtcagaatgcttgatagggataatcgttcattgctattctacctatcgccatgaactatcgtggcgat,1,oxyR,forward,S,RegulonDB_sigma70
tgaagttaccgctatagcagagaaaataagactattagataaggaattacgaagggcttcggtatcattgaaaactttgaa,0,genomic_fragment,NA,NA,ecoli_genome_random
taatcaattggtcgcaggttcgaatcctgcacgacccaccaatcgctaaggtggaagcggtagtaaaacgtgaaggataac,0,genomic_fragment,NA,NA,ecoli_genome_random
cccttcacagaattgtcctttcacgattccgtctctctgatgattgatgttaattaacaatgtattcaccgaaaacaaaca,1,aldA,forward,S,RegulonDB_sigma70
aggcagactactcgccgattgtcataaggtaaaagtctcatttatgatgagttccattggatttacttataggttgcgaat,1,cynR,reverse,S,RegulonDB_sigma70
gctgacgcaaatgccgtcagatgagtagacactaaacaaaaatcgggcaatactgcgtgagaatttcctcaaagcaggcat,1,panD,reverse,S,RegulonDB_sigma70
gtttaatcgccgccattttccttttgttctgtttgttgccgccatctggacctgccaggtgatcccaatgttcgccattta,0,genomic_fragment,NA,NA,ecoli_genome_random
gtgaggaaatacctggatttttcctggttattttgccgcaggtcagcgtatcgtgaacatcttttccagtgttcagtaggg,1,nlpD,reverse,S,RegulonDB_sigma70
ctgcagcgttagccagtgtgaaaggctgggtcagcgcgaaattgcaataatataagcgtcaggcaatgccgtggactcgct,1,csrA,reverse,S,RegulonDB_sigma70
agactcagcactttggaaatagactgaatggaaaaacgttcttgcgcgtctccggcctgaaaaagctgtccgtcaacggta,0,genomic_fragment,NA,NA,ecoli_genome_random
tgctgatagacgcaatcggacgcaccagatccgggtggttcgaatagatcactttgttggtattcagatcaacaatcatcg,0,genomic_fragment,NA,NA,ecoli_genome_random
aatacgatcaaaaacagacaagcaaagcatgtcataaatgacaaaaagtgacataactgtattcaggagagggttatggca,1,yihU,reverse,S,RegulonDB_sigma70
cgtgcatcggctggcccagttcgagcagcacatagttggtgacgtcaacaactgcatcgatagaacggatcccgcaacgac,0,genomic_fragment,NA,NA,ecoli_genome_random
aaactggcggcttaccgccgtgcccgagtcggcaattgtaaattcaacattctcaaatgcgtcatgctgagctatgattag,1,pcnB,reverse,S,RegulonDB_sigma70
cggcgaggtgtgacacacctcgcacttgaaatcagcagcgattggtttatcgtgatgcgcatcacttcccggcagtcctgc,1,aroH,forward,S,RegulonDB_sigma70
ggtcttctcgccggaataaaaggcgaaaaaattaccaccgtggagaaaaaagaggacgtagatgtcgataaaatcctcaat,0,genomic_fragment,NA,NA,ecoli_genome_random
tttttttcatatgcctgacggagttcacacttgtaagttttcaactacgttgtagactttacatcgccaggggtgctcggc,1,ompA,reverse,S,RegulonDB_sigma70
aacttccatgataatgaaattaattatcgttatcgatcttatttggatatgttagcatgtgcagcctaagaataggtattt,1,entS,forward,S,RegulonDB_sigma70
tccgtagtatcaaacttgccattctgaatattgttcgcacggataagaggcaaataatcatcttttagataatttattgcc,0,genomic_fragment,NA,NA,ecoli_genome_random
attgcagcaggcgcaacaagctggttgcaaaacgattgatggatacggcatgttgttgtggcaaggggctgaacagttcac,1,aroD,forward,S,RegulonDB_sigma70
tcttatgaccgaaaacgctgttctccagttacgcgccgagcgtattgcgcgcgcaacacgtccttttcttgcccgcggtaa,0,genomic_fragment,NA,NA,ecoli_genome_random
tatgtaacataatgcgaccaataatcgtaatgaatatgagaagtgtgatattataacatttcatgactactgcaagactaa,1,znuC,forward,S,RegulonDB_sigma70
cataaactccaccaccatctggttggtgttggcagtaccgtagaaagtacatgttcccggcgcatggtaagacgcggcttc,0,genomic_fragment,NA,NA,ecoli_genome_random
caggcccatctccaggagaagaatacccatctgcatgggcaaatataatgatgttgttagcatcaggtcaagacttttata,0,genomic_fragment,NA,NA,ecoli_genome_random
tacgaaattatcgatattgtttcccttgaacatggtgttacgttagcgaaaacagaagctgaacacgtttaccgtgcagaa,0,genomic_fragment,NA,NA,ecoli_genome_random
ctcagaggattggtcaaagtttggcctttcatctcgtgcaaaaaatgcgtaatatacgccgccttgcagtcacagtatggt,1,dusB,forward,C,RegulonDB_sigma70
gaggaaggcagcaaagcgtttttacaccgtttcgccgctgcgggcgcagcaattcgttatcaggcggtgcattccgatgaa,0,genomic_fragment,NA,NA,ecoli_genome_random
attctctgccttattaattttgttagttggttttgatattccaggtaaaatttataaactatccgtggctaaatgattgga,1,nanY,forward,S,RegulonDB_sigma70
agaccgcaggtaatgttggttcgttgaaatcggcaccgtccagccattacactctgcagctgagcagttcctctaactacg,1,dam,reverse,S,RegulonDB_sigma70
tgccaactggcaggtcaaccgaatgcagacatcgcaggcgggatgtgtcagcatcagcgttacgctagtttcacccggggg,1,recC,reverse,S,RegulonDB_sigma70
ttcagtgataattatcacatttcaattgcacattaatggatattctttaataatctcgcgacgtttctttatgataaataa,1,adeD,forward,S,RegulonDB_sigma70
tctgattttgatattttccatcaacatgacatatacagaaaaccaggttataacctcagtgtcgaaattgattcgtgacgg,1,hdeA,reverse,S,RegulonDB_sigma70
attgttattgctggcggtaaaaaattaccggagcgcgaggcgctggaaatgtgctggcaggctatcgatcagggcgcttct,0,genomic_fragment,NA,NA,ecoli_genome_random
actggttacgcaccgcacggcttaatggcccgttcggatcgcctgagtccaggatcatgaccttcatagtggaaggaacct,0,genomic_fragment,NA,NA,ecoli_genome_random
ttgccatggcagaatctgctccatgcgggacaagaaaatctcttttctggtctgacggcgcttactgctgaattcactgtc,0,genomic_fragment,NA,NA,ecoli_genome_random
cgtaccgtttgccagcggcgtcccctgattgaccacgtaaattcggtccgaaattcccatcaccagcttcatatcgtgttc,0,genomic_fragment,NA,NA,ecoli_genome_random
cgacaaactatatgtaggttaattgtaatgattttgtgaacagcctatactgccgccaggtctccggaacaccctgcaatc,1,sdhC,forward,S,RegulonDB_sigma70
attttcggtcactttggcgaccgactgggacgtaagcgcatgttaatgctgaccgtctggatgatgggcatcgcgacagcc,0,genomic_fragment,NA,NA,ecoli_genome_random
gcgtaaggtagaaacccgaactacattgaggaatcaggcgggagtgatagaatatcgcccacttaatttttccaggatttg,1,gltX,reverse,S,RegulonDB_sigma70
gttctcccgtgagctggacgatgaacaactgacgcaaatcgccagtgcgcagatggctgaatggttttcgttgctgaaaag,0,genomic_fragment,NA,NA,ecoli_genome_random
tactggcagcaccggtaagcggtttgttccagttaacaatccccgcccgcgcctccagcaacagttgatcgaacttttccc,0,genomic_fragment,NA,NA,ecoli_genome_random
tgattgccgcaccggctgggaaatagaccccgtcgcataaatgattatgataagatttatgcattcataacccgatccatc,1,ycaR,forward,S,RegulonDB_sigma70
taacgtaagtcgcagaaaaagccctttacttagcttaaaaaaggctaaactatttcctgactgtactaacggttgagttgt,1,arcA,reverse,S,RegulonDB_sigma70
tgaaatttatcgagcataaccctcgaatttgcggcgtgatttttgactgggatgagtacagtctcgatttatgtagcgata,0,genomic_fragment,NA,NA,ecoli_genome_random
cgccaggattgcagcgagatacgctgagtcgggtcattggtgattacaccacccaatgcgcagtaagggatattgacgacg,0,genomic_fragment,NA,NA,ecoli_genome_random
cagttcatttttctcaacgtaacactttacagcggcgcgtcatttgatatgatgcgccccgcttcccgataagggagcagg,1,tyrT,reverse,C,RegulonDB_sigma70
gagtgcaacctgatgaaaaatagtgtcgctgagcactaaaatttaatgtaaatggtgtgttaaatcgattgtgaataacca,1,putP,forward,S,RegulonDB_sigma70
tgcgtgacagtgcaaaacacagtgtgagtgaattaccggtgaactggtgggtacagccttctgttatccgcaccttcagct,0,genomic_fragment,NA,NA,ecoli_genome_random
cgtgttgcttgagcgccagcaaactattggcgcattgcaggatttcaccgccgggctacagccggtactgcgtcaggtcgg,0,genomic_fragment,NA,NA,ecoli_genome_random
ctgatgagaaaaattctgataacaggtggtgccgggtttattggctcggcgctggtgcgttatatcatcaacgaaacgagc,0,genomic_fragment,NA,NA,ecoli_genome_random
gtgttgttcgcggcgttgaccggcagcctggaaaaccatccggatggctttaattttaaataattagcggataaagaaacg,0,genomic_fragment,NA,NA,ecoli_genome_random
gtcatagacgccgcatccgctcagaattacgccaattttcttcattgtgatcatcctttcgcaattgactgaaacacatta,0,genomic_fragment,NA,NA,ecoli_genome_random
acattacgctaacggcactaaaaccatcacatttttctgtgactggcgctacaatcttccaaagtcacaattctcaaaatc,1,pgi,forward,C,RegulonDB_sigma70
gggggattgactcgcttcgctcgccctgcgggcagcccgctcactgcgttcacggtctgtccaactggctgtcgccagttg,0,genomic_fragment,NA,NA,ecoli_genome_random
gccgtaagatcgagcagttgcgtgaagagagccacgatatcaaagaagatttttcaaatttaatcagaacattgtcatcgt,1,dnaN,reverse,S,RegulonDB_sigma70
atcgtggtaagacctgccgggatttagttgcaaatttttcaacattttatacactacgaaaaccatcgcgaaagcgagttt,1,acpP,forward,S,RegulonDB_sigma70
cgggcctataagccaggcgagatatgatctatatcaatttctcatctataatgctttgttagtatctcgtcgccgacttaa,1,focA,reverse,S,RegulonDB_sigma70
cgcagcccagcagcttaaaggtacgaattgcgtcagtcataatggtcattccacgaccttcgtagaaatgtccgcgacctt,0,genomic_fragment,NA,NA,ecoli_genome_random
gatggtggtgcagtcgtcggaagatttctatctggcgaaagcgcgcacactggggatgtataattccggacgtaaccagct,0,genomic_fragment,NA,NA,ecoli_genome_random
gccgattaccctgctgtgcgcttttcaaataccagaatgcggcgagtgtcttgttttgagcaacgccttttccgtcttcat,0,genomic_fragment,NA,NA,ecoli_genome_random
attactccaaaagggggcgctctcttttattgatcttacgcatcctgtatgatgcaagcagactaaccctatcaacgttgg,1,hemA,forward,S,RegulonDB_sigma70
tcatttccaactgcgtgacgaagtgccgtggtggaacgtggtaggcgatcgtaaataccagaaacagaaactggcgggcga,0,genomic_fragment,NA,NA,ecoli_genome_random
tttgtggtgatctacactgatactctgttgcattattcgcctgaaaccacaatattcaggcgttttttcgctatctttgac,1,proV,forward,S,RegulonDB_sigma70
ccgcatcgcccgcgtgctgcgcacccaaaaaccgctctatgcccgtgacttactggccgataaacagcggcgaatgccatt,0,genomic_fragment,NA,NA,ecoli_genome_random
aagcaggcctgggataatcgacaaatggatgtggtcgaacaaatgatgcctggactgaaggattatccgctttatccctac,0,genomic_fragment,NA,NA,ecoli_genome_random
atccagcggctgaccactaccgaggaacactgtacccacgaccaaaaaggtcacaatggcgagcactttaataagcgcaaa,0,genomic_fragment,NA,NA,ecoli_genome_random
attgttaataaactgtcaaaatagctattccaatatcataaaaatcgggtatgttttagcagagtatgctgctaaagcacg,1,livJ,reverse,S,RegulonDB_sigma70
ccggcagagaaagcaaaaataaatgcttgactctgtagcgggaaggcgtattatgcacaccccgcgccgctgagaaaaagc,1,rrsB,forward,S,RegulonDB_sigma70
cgaagtgggtgaacagtcgatcatttcccgtgcgggcggtgcgccgacgctggcggtggggatggcctacattctgcacgg,0,genomic_fragment,NA,NA,ecoli_genome_random
ataaaaatcggccaaaaaatatcttgtactatttacaaaacctatggtaactctttaggcattccttcgaacaagatgcaa,1,ilvL,forward,S,RegulonDB_sigma70
atttcccccatgatgcaatgggaaacatgaaagaataacgcaggttttgtcgattaatctgtgctttgttctgccagtctg,0,genomic_fragment,NA,NA,ecoli_genome_random
ccgttcatacagaactggcgatcgttcggcgtatcgccaaaatcaccgccgtaagccgaccacgggttgccgttttcatca,0,genomic_fragment,NA,NA,ecoli_genome_random
gatcgcgttgggcgtaaagcgacgctggtcgcctcgttgctaacgatggggatttcgaccgtggtgattggtctgctgccg,0,genomic_fragment,NA,NA,ecoli_genome_random
cgccagcgccgaggttgtagatgtgtacgcctggcttgttcgccagtttttccatcgccacgacgtgaccgtccgccagat,0,genomic_fragment,NA,NA,ecoli_genome_random
ccacccagcgcgataatcacgtctggtttgaaggagtttgccagttctgcacctttacgaacgatgctcagggtcgggtcc,0,genomic_fragment,NA,NA,ecoli_genome_random
ctttctgaacatgttgcgctggctctcaaaaatcgtaaggcaactttgttacaacatcatgggcttatcgcttgtgaggtg,1,fucO,reverse,S,RegulonDB_sigma70
tttacaccccgcccgcagatttttgcgaaatctttgcagccagaattctacccttccggtatcacttttaggccactggag,1,kdpF,reverse,S,RegulonDB_sigma70
gcccatgcgggcaatttgctgccccggtaaaccttccaggtgctgatcgcgcagtaaaatggtgccgccggtgggtttgta,0,genomic_fragment,NA,NA,ecoli_genome_random
ttcttgcgcgcacgctggcaaaacaggaagctgagcaactggcgcgaagcaaggccgcatcagccagcgagaatacttgaa,0,genomic_fragment,NA,NA,ecoli_genome_random
tttcctcaccatcattggtcatttttcggttgacgcccttcggcttttccttcatctttacatctggacgtctaaacggat,1,metF,forward,S,RegulonDB_sigma70
tcgacgccaaacaccggaatgctggacttgttgtgtgctttcagcgcttcaaccgcgcccattgccatcgcatcgttgttg,0,genomic_fragment,NA,NA,ecoli_genome_random
tcagcgcctgaacgacaagtgttggttcgaatagcgccagttgtttacgactcatattcagtgctcactcaatatcatcag,0,genomic_fragment,NA,NA,ecoli_genome_random
gcaaatgctgccagaagcgcctgtcgtcatctcagaagggcgctcgtttccggttgaacgccgttatttaccgctgcccgc,0,genomic_fragment,NA,NA,ecoli_genome_random
atcattgcctgaccattaaaagcaggagtggaaaaatgtggcagaccgaaccaggcagcatggctgacgagagtaaaatcg,0,genomic_fragment,NA,NA,ecoli_genome_random
aggtacaggccgatctgaagtaatcaaggttatctcccgcaatggtttatcgttgcgggagttgcctgaagcgctggatgc,1,dam,reverse,S,RegulonDB_sigma70
aatgtcttcttcggctggacaaacattccttttattccacgtttcgcttatcctagctgaagcgtttcagtcgattaaatg,1,epd,reverse,C,RegulonDB_sigma70
ggcaggtttacgtaattgcatatccaactcctttatcttctgcgttaagaacgcatggatacccgttgtgagtgtttgtgt,0,genomic_fragment,NA,NA,ecoli_genome_random
cccactgggtaatttccaccgggcgctgcaccggacgcgtcatcggcggtactggcggctgggctttacgttgtgcgacaa,0,genomic_fragment,NA,NA,ecoli_genome_random
aaaagccgcatgttgaataatattttcaactgagttatcaagatgtgattagattattattcttttactgtatctaccgtt,1,dadA,forward,S,RegulonDB_sigma70
aaggcgacagagtaatctgtcgccttttttctttgcttgctttctgttagattccgccgcaaatctatactgaataaaacg,1,yihI,forward,S,RegulonDB_sigma70
tcgacccacgcgattgtcgtctgaaggtcggcaaagagatgtttacattgtttgggccacagtttgtgcgcgaacttcaac,0,genomic_fragment,NA,NA,ecoli_genome_random
cgcattcgcgccctttatttttcgtgcaaaggaaaacgtttccgcttatcctttgtgtccggcaaaaacatcccttcagcc,1,pyrC,reverse,S,RegulonDB_sigma70
tcaacatcgcgacgcaaacgttcatattgccgcaatattattttttgatatgttgaaaggcggatgcaaatccgcacacaa,1,serA,reverse,S,RegulonDB_sigma70
cactggtgacggtctatccattacctgacacccgcctgttgatggtggttaatatacacgccgtcaacttcagtctgggcg,0,genomic_fragment,NA,NA,ecoli_genome_random
gtggtttaactatcacctgataagaaacctgtattcaatttgccggattcgtccggcttttctttttcgctaattattcca,0,genomic_fragment,NA,NA,ecoli_genome_random
atctgtgtggtgcacgccgcacgggcgtctatattcttgttggcgtggtgttgtggactgcggtgttgaaatcgggggttc,0,genomic_fragment,NA,NA,ecoli_genome_random
ctgaacttcgccatggccgctcaggcagagtgtaatatctccagtagcatacaaaatatcgactatggcaaacgaagtgct,0,genomic_fragment,NA,NA,ecoli_genome_random
caattgtttaaaaagtgacggctgtcaattttttgacgataaattacaaatacgatcaaaaacagacaagcaaagcatgtc,1,yihU,reverse,S,RegulonDB_sigma70
gacgctattcggacaggattaacactagcgtagagatgacgagtacgttagtctctgaccgtttgtcacgcgcaacgttac,1,lptD,reverse,S,RegulonDB_sigma70
gccatcaccgttcggatacaatgaccagttcctggtcaggtatatcatttttgtataaagctcactgttaattgctgaagg,0,genomic_fragment,NA,NA,ecoli_genome_random
ataatcagtacgttaccaaactattttctttattggcacagttactgcataatagtaaccagtggctcattcaccgactta,1,glmY,reverse,S,RegulonDB_sigma70
ccggcccacagctcgcgtgccgccagcgccaccattttgcccgttaatggcccggtgccggtggtgggtttgatttcgata,0,genomic_fragment,NA,NA,ecoli_genome_random
cgttatcaaagcggtagacggtgaaatgatcacagttaccgtcgaaggtaaagatgaagtgttcgcgctgagtaatatcca,1,nusA,reverse,S,RegulonDB_sigma70
gaaattcgtcggtaagcagatttgcattgatttacgtcatcattgtgaattaatatgcaaataaagtgagtgaatattctc,1,carA,forward,S,RegulonDB_sigma70
aagataatacatacaaaataaaaattatacttttaatttgctatacgttattctgcgcgggttatatgcctttattgtcac,1,micC,forward,C,RegulonDB_sigma70
aaaaattaaagcgcaagattgttggtttttgcgtgatggtgaccgggcagcctaaaggctatccttaaccagggagctgat,1,ada,reverse,S,RegulonDB_sigma70
atcgcatccgtggattaattcaattataacttctctctaacgctgtgtatcgtaacggtaacactgtagaggggagcacat,1,katG,forward,S,RegulonDB_sigma70
aagcggagccgtttcgttcacgggcttgaaaaagcgcccaatgtattccaggcttatctaacacgctgataaacaagagga,1,osmE,reverse,S,RegulonDB_sigma70
catcgaggtggttgtgccatcgtaatgtaatgccgcgaccgggccggttgtaacctgttcatataaaggaaaattccagcc,0,genomic_fragment,NA,NA,ecoli_genome_random
gggtcagcgatgtacgtcgctaagcgcccggtaatatcactgcggatttcagcgagcgttttcccgactacgtggaccttg,0,genomic_fragment,NA,NA,ecoli_genome_random
ggataattttataaaaaataaatctcgacaattggattcaccacgtttattagttgtatgatgcaactagttggattatta,1,arcA,reverse,S,RegulonDB_sigma70
ccaaagcgccgtagctggcggcaatgaaagcgagcgaggaatatcaccgtcgttaatgcgccaagcagcgcgcagaacata,0,genomic_fragment,NA,NA,ecoli_genome_random
taaaatcaaatagcctacgcaatgtaggcttaatgattagtctgagttatattacggggcgtttttttaatgccccgcttt,1,focA,reverse,S,RegulonDB_sigma70
ttaaagcgcaataagtcgttgtctgcggcatttttgccgagtgccgtgtataataggcaaagttatttccatttctgcaat,1,ychF,reverse,S,RegulonDB_sigma70
tgcgagtgtagactcaatgattcctttaagcctgtcaattcgggatatatgattccatacatctgcaattatttgatcgta,1,murQ,forward,S,RegulonDB_sigma70
cgcatgcgggtcgagatcggcctgattcagctcaataattgcctgagcaatacgccaggtgggcgatccattaagcgcaat,0,genomic_fragment,NA,NA,ecoli_genome_random
tgtggctccgtatagagttccatcgtcagttaaggcctgcgccgcattgcgtattacacagctttttgtagatatatttcc,0,genomic_fragment,NA,NA,ecoli_genome_random
aattattcctacactataatctgattttaacgatgattcgtgcggggtaaaatagtaaaaacgatctattcacctgaaaga,1,nhaA,forward,S,RegulonDB_sigma70
tgacaaatcatgcggatataaaatttaacatttggattgataattgttatcgtttgcattatcgttacgccgcaatcaaaa,1,cirA,reverse,S,RegulonDB_sigma70
catgatgaatttacatgccttacccacttcccctcgccgttggcaatgttatgatggcgggaatttttaccaaacacgctt,1,yajG,reverse,S,RegulonDB_sigma70
ggcgttatgccgtcatcaccgcctataacggcggcgcaggcagcgtgctgcgagtcttttcgaatgataagattcaggctg,0,genomic_fragment,NA,NA,ecoli_genome_random
aagcgataacctgttgattattgaatctttcggggagatggcttataacatttcttacctgaccagggtaccgggaaccaa,1,gnsA,forward,S,RegulonDB_sigma70
cgataatttgcaggacatccccggagtagagataacagacaactccttggcaggccgtaaacaaatccgcattcgtggctg,0,genomic_fragment,NA,NA,ecoli_genome_random
agcggcccagatgttttcccgggaaacgctccctgttgtggtgatcgctgagtcagtaggctatgccagtgaatcatcttt,0,genomic_fragment,NA,NA,ecoli_genome_random
atgatcaaccattcttgataaacccatgagacggactaactttttcattaaaattaaaaagatatgaatgaatactgcgga,0,genomic_fragment,NA,NA,ecoli_genome_random
acgatcccacgaatttatgaataaattgcatgtgattctcggattattgcatctgaagagttataagcagttggaagatta,1,dcuR,reverse,S,RegulonDB_sigma70
ataatagcttccagatcaacgacggtctgcgtatagcccgtaaattgctgcttgatattaacgacagcggtctgccagcgg,0,genomic_fragment,NA,NA,ecoli_genome_random
ttttcgcattctgaaggcctggatctgtatctcgcccccgatagtgagatactcgaaaccgtctctggtgagatgccctgg,1,relA,reverse,C,RegulonDB_sigma70
gatctgatctacacctcggaagaagccgatgcgccacagtatatggaacatctggggatcgagacggtgctggtcgatccg,0,genomic_fragment,NA,NA,ecoli_genome_random
acatacttgaaaatcaaaaagggacagtttgggtatatgaccaggatgatgcgtttcttgatattaaagcaaacgtgcagg,0,genomic_fragment,NA,NA,ecoli_genome_random
tcgttgcgtaatgtgatttatgcctcactaaaatttgataaaacgttttatcttctcgcgcaatttactgaatccagattg,1,malX,forward,S,RegulonDB_sigma70
acttaaattctgacagcatattaaataatttgctgtcttcactaattggtgtaaacttaccatttccaagacaactgacta,0,genomic_fragment,NA,NA,ecoli_genome_random
atggcagaaaccgcccgcgcggcaggcattgccatcgttactggcgatactaaagtggtgcagcgcggcgcggtagataaa,0,genomic_fragment,NA,NA,ecoli_genome_random
tttacagcagagttagcaactgttgattgcaattcccgcaaaaatgagtaaaattttcgggcttttaatatgacaccggac,1,rpsP,reverse,S,RegulonDB_sigma70
gattgccgtcagcaacagcagcagcgccagaacaggattaatacggaaataagtcacgggaaattacttcgtccacccttt,0,genomic_fragment,NA,NA,ecoli_genome_random
attttgggatgcgttcattttaatttcaccaattgtttaaaaagtgacggctgtcaattttttgacgataaattacaaata,1,yihU,reverse,S,RegulonDB_sigma70
catagttagctaatgctaaatcgtattgactatgtttttgttaacatctatcttgttagttatgactaacaataaaggtgt,1,dicC,reverse,S,RegulonDB_sigma70
catcaggaagttgctgccttgcctgagcagcgttcagttttaccgactgcattaatccatcaacgtcgctttccagcacga,0,genomic_fragment,NA,NA,ecoli_genome_random
cttaaaagttttagtatcatattcgtgttggattattctgcatttttggggagaatggacttgccgactgattaatgaggg,1,ompC,reverse,C,RegulonDB_sigma70
cctaagtaaaaatttgacgacacgtattgaagtgcttcaccatagcctacagattatttcggagcgcgaaaatatagggag,1,mlc,reverse,S,RegulonDB_sigma70
atggtcttcagactggcaaaaatggcggtgatctcattacgaccatataccgcaatcggacgcgccagattacccgcagca,0,genomic_fragment,NA,NA,ecoli_genome_random
tcatagtgtggtagaatatcagcttactattgctttacgaaagcgtatccggtgaaataaagtcaacctttagttggttaa,1,trxA,forward,S,RegulonDB_sigma70
ctacgagtttttcaattaatacggtgttggcaacgccgcgtcgcccggcagtataaagactgtcttttaccgcaacgtcgt,0,genomic_fragment,NA,NA,ecoli_genome_random
tgacaaatttgtgctctggcatagtgaattcacccaggcgtagcggcgggcgaataccaaaggcgctccattcaggagaac,0,genomic_fragment,NA,NA,ecoli_genome_random
ataagacgtccttttcagagtgcaaatttcacaaccacttatttgatttataacaactttcacaagcacgtaattttgtcg,0,genomic_fragment,NA,NA,ecoli_genome_random
catggcgatctggcggccgttgcgccgttgccgcgagctcactttaccaaaccgaatattgtgatcaaacccaatgccaat,1,dmsC,forward,S,RegulonDB_sigma70
cggttgccaacaacgttcataactttgttgagcaccgatacgcattgttggaattatcgctcctgggccaggaccaagatg,1,yrbN,reverse,S,RegulonDB_sigma70
cgatcgcgtcgtgtttgccgccggagaaggggtgctgacgctggtggattcactggtgatgggctgcgctgtgttgattat,0,genomic_fragment,NA,NA,ecoli_genome_random
ttcatgatttcaatcaaaacctgtatggacataaggtgaatactttgttactttagcgtcacagacatgaaattggtaaga,1,pdhR,forward,C,RegulonDB_sigma70
cctgttccagcatcgtccgcagtggggcaaagatgttgccgtcggtaaaacgctggtttcatctgcgatgatcgaccgtgt,0,genomic_fragment,NA,NA,ecoli_genome_random
agagataaattgttctcgatcaaattggctgaaaggcggtaatttagctataaattgatcaccgtcgaaaaatgcaaattt,1,cydA,forward,S,RegulonDB_sigma70
accatttgtagtcgagattcgggttataccagttgcgtaccaccagctcgctgttgttaggtttcggttttccttccagca,0,genomic_fragment,NA,NA,ecoli_genome_random
gcgaagtcggaaaacttctgttctgttaaatgtgttttgctcatagtgtggtagaatatcagcttactattgctttacgaa,1,trxA,forward,S,RegulonDB_sigma70
caacaaaggttatcgctggcagcatgaagcggttattgctcttgcctcacccgataatatgaatgcattcgagctgacacc,0,genomic_fragment,NA,NA,ecoli_genome_random
gacttttttcctgaaaagtcagtagatattcataggcaagtaaggttttatactttgctgacaggattcaggcctgtctca,1,idlP,forward,S,RegulonDB_sigma70
gcacatttccagcgtcgatacgcggtcaatttcagccgaggcggtgttcgagccttcagtaatcatcttttcaaattgcat,1,murR,reverse,S,RegulonDB_sigma70
gctggtaatcaaacaaaaaatatttgcgcaaagtatttcctttgtcataaaaataatacttccagacactatgaagttgtg,1,iraP,forward,S,RegulonDB_sigma70
ggtgctgtttttgtttagtactcagattcatcgtattttttgcttacgttgggattgaaaacgggtcattctaccgccatc,1,rlmE,reverse,S,RegulonDB_sigma70
taaacgattccactaatttattccatgtcacacttttcgcatctttgttatgctatggttatttcataccataagcctaat,1,galE,reverse,C,RegulonDB_sigma70
ccggtacggttgtcgtggtaacaccactgaatgtggccagccagccaaagctttccagatgattcattccggaaaccagcg,0,genomic_fragment,NA,NA,ecoli_genome_random
tatttcctatagtcaggctcattagcttcgtttattgcaacacaaatgcaacaataaaaatacatttcacagagcgaaaac,1,feaR,reverse,S,RegulonDB_sigma70
aaccagccacggagtgttatatgtcccgaaaagaccttgccaatgcgattcgcgcactcagtatggatgcggtacaaaaag,0,genomic_fragment,NA,NA,ecoli_genome_random
ttgtttgtgggcggaatttcatattgacaacagtacagttcttatatctattaataatagaaagggatctacaacctacag,1,dgcT,forward,S,RegulonDB_sigma70
attaattacactaatgcttcttcccttcgttttagcgccccgccgcagtatcatgatatcgataaccataataaatgtgtg,1,hybO,reverse,C,RegulonDB_sigma70
ggacctactgctttgaaatccttattgtcgccatcgccgatgtgaccgcttttggtatctatatgggtgtctggttcccga,0,genomic_fragment,NA,NA,ecoli_genome_random
ccggcaatcatccccacggggatgccaacaatcagcgcaaaaccgaaggcgaggatgcacagttccatcgtcgccgggaag,0,genomic_fragment,NA,NA,ecoli_genome_random
actctcatcgcgtcgatgaaaatacgccgatggaagaaaccgcctctgcgctggctcatgcggtacaaagcggtaaggcgc,0,genomic_fragment,NA,NA,ecoli_genome_random
aaattgaatttttttcactcactattttatttttaaaaaacaacaatttatattgaaattattaaacgcatcataaaaatc,1,ilvL,forward,S,RegulonDB_sigma70
atgcccgcctgcgcggtttcggcgtttctttgcgcgatgcaccgatcaataaccagcatgtttgaatgagataacggaccg,0,genomic_fragment,NA,NA,ecoli_genome_random
atccgtcacagttcaaacatacaaaatttgtgattttacttaactattgtgtaactttcataaaacaatgtgattcgtgtt,1,paaA,forward,S,RegulonDB_sigma70
tgaaaagattgctgcgggtgcctcactggtgcaaatttattctggttttatttttaaaggtccgccgctgattaaagaaat,0,genomic_fragment,NA,NA,ecoli_genome_random
ccttctcaggcggctttttcatcactgcgagtagagctaaactcgcaaaagtggtataacaaatatagtctgccgtatcat,1,exuR,forward,S,RegulonDB_sigma70
cgattgccgccgggatattcacactcagtctggtattgattgcatttatgcttccgtctgtggcgcgggtagaactgccgt,0,genomic_fragment,NA,NA,ecoli_genome_random
tcaattatacgatccatagctcttgcactacctttgcatcactggcatgtttaacatggtttttacatttctcactgagca,1,rsd,reverse,S,RegulonDB_sigma70
tagacaaatcggttgccgtttgttgtttaaaaattgttaacaattttgtaaaataccgacggatagaacgacccggtggtg,1,lpd,forward,S,RegulonDB_sigma70
tgcgtcttttcgcgatgctgccagtgggattgtcgatgttaatccggatctctgcgtcggttgtcagtactgcatcgccgc,0,genomic_fragment,NA,NA,ecoli_genome_random
ttcactgatcctgatcgtcttgccttattgaatatgattgctatttgcatttaaaatcgagacctggtttttctactgaaa,1,tonB,forward,S,RegulonDB_sigma70
cacgttttgccacatccaccagcatcgctttgagatcgccaaaatccccaataccccagtttttttccgatcgcagcgtat,0,genomic_fragment,NA,NA,ecoli_genome_random
tcgttcgttgcttatcatagcttccttcgatatccagcgcgccaagaatggactcaaggccctgactgatatactcatgta,0,genomic_fragment,NA,NA,ecoli_genome_random
gtgagcggcgaatactaataaccattttctctccttttagtcattcttatattctaacgtagtcttttccttgaaactttc,1,metA,forward,S,RegulonDB_sigma70
ccttgatctacaaactaattaataaatagttaattaacgctcatcattgtacaatgaactgtacaaaagaggagattgaca,1,yefM,reverse,S,RegulonDB_sigma70
cctgaccgataatgcctttcttgggatcattgccgttggcatgacctttgtgatcctctcaggtgggatcgatctctccgt,0,genomic_fragment,NA,NA,ecoli_genome_random
tattgaaaatcgcagcccccctccgttgtatgtgcgtgtagtgacgagtacagttgcgtcgatttaggaaaaatcttagat,1,flhD,reverse,S,RegulonDB_sigma70
accggctgaaagcgtcgtaagatcgcctaaatcagcatcgacaatgcccgagaagaaggtcttttcactgttgtagcggtc,0,genomic_fragment,NA,NA,ecoli_genome_random
tgctctcgtttcctaagagttgttgcattttgctatatgttacaatataacattacacatcatatacattaactctggagg,1,zinT,forward,S,RegulonDB_sigma70
aaccacgatgccgaccacccgctgtccgagattcaggacgataactaccgtgttgtcgttatagtccacatccacctggct,0,genomic_fragment,NA,NA,ecoli_genome_random
ttttcggctcaacaccgctaagctcgctaaccaacagcttaacaccattaacatcaattgccttactggaaagatttgcgc,0,genomic_fragment,NA,NA,ecoli_genome_random
taaaaaaatcgatctcgtcaaatttcagacttatccatcagactatactgttgtacctataaaggagcagtggaatagcgt,1,frdA,reverse,S,RegulonDB_sigma70
ttgacgtcggctccgtggcgctatttgtgcatggtattcaatggattggctacacgctccacttcccggactggctgacta,0,genomic_fragment,NA,NA,ecoli_genome_random
cgccagcaggtgccaacattgaacagttcatttttgcgggtaaaacaatatactaccgtaacggactttgtgtggatgaga,1,nagC,reverse,S,RegulonDB_sigma70
ctttaacgtaccacggtatgctttatcgcatgtgtgcgttggtggtgatatccgggattacgggcggtctggcttatccac,0,genomic_fragment,NA,NA,ecoli_genome_random
tgaacgccctatccgacctacggttatgttctggctcgttggcctttggcaacgattatcctatgagattggggcaattac,0,genomic_fragment,NA,NA,ecoli_genome_random
agatcaagtttaggacaaaattttgccagttggtgttaatgttttgttagaatcagtcacgtaatgtgagcacgattaaag,1,msrB,reverse,S,RegulonDB_sigma70
gcaggcagaaaccaacaacagccctaaaaacgcccctctttttttcatgtttttctccatagcacaatgattcaggagaaa,0,genomic_fragment,NA,NA,ecoli_genome_random
gtcagtcagtgcgtgaagccaccaccgcctccggcgtggataatgcagcctccccccgactggcagacaccgctgaacggg,0,genomic_fragment,NA,NA,ecoli_genome_random
gaaagtgcggcaggccattcccctgcgcgattctccagtcctaccgcagccaacgctcgacgtgcggcatcgcgccactgg,0,genomic_fragment,NA,NA,ecoli_genome_random
gtgaacggtcgaattagccaatatctgacgaaaatcggttgaaaaagtggcataatggggagttgtcaactattgaaatga,1,amiA,forward,S,RegulonDB_sigma70
ttttatgctaaagattgcaagttgcttgtaaaagataagtacactgatccataatcgctgttgttgagggtgcatgctgca,1,ohsC,forward,S,RegulonDB_sigma70
aaccgatggcaacaggaagacatccgcgtcgtcgagcatcgctttcacttcatggctcggtttaaagcccggcatctccac,0,genomic_fragment,NA,NA,ecoli_genome_random
acgtcattatagtgtgtgtcagatctcgttttccttaaccatgttacatagaatgtgcacggaaatttaacctgcctcata,1,nupC,forward,S,RegulonDB_sigma70
ccatgataatgaaattaattatcgttatcgatcttatttggatatgttagcatgtgcagcctaagaataggtatttaaaat,1,entS,forward,S,RegulonDB_sigma70
cttgcgtataagcagctctggcgtggcggtcaggtgcttgctgttccgccagcgtatacaagccagcgttgcgcgtactgt,0,genomic_fragment,NA,NA,ecoli_genome_random
ccgtgggaggagtcgatcagcagaacgtcaacgcctgcggcaaccagcgcgtcaacacgctcttcgttacccgcacctgcg,0,genomic_fragment,NA,NA,ecoli_genome_random
tggcaggattatcgcgatatccacaaactgtttaaacgccaggaagttgcgccgacatcttcaggtctgatgttccgcctg,0,genomic_fragment,NA,NA,ecoli_genome_random
tcaaaggtgatgatatcgttgacaccgtgacgctgacccgccgttacgttgacttctcctatgtcgatggcaacgaatatg,0,genomic_fragment,NA,NA,ecoli_genome_random
ttgatcagcgtcgccaacggaatggcgaagaatacgccccagaatccccacaaaccaccgaagatcaccaccgataaaata,0,genomic_fragment,NA,NA,ecoli_genome_random
tctttccgcttcgccagcagatcgttcaggttgttgatcggactgtctttgttgacgatcaacacgctccagtaacccggc,0,genomic_fragment,NA,NA,ecoli_genome_random
